"","Алгебра","Геометрия","Информатика","История","География","Экономика","Биология","Физика","Химия","Обществознание","Русский","Литература","Физкультура","Труд","Музыка","ИЗО","Английский","Регион","Зарплата"
"1",76,77,76,71,63,74,55,74,70,59,60,62,59,64,70,71,81,"южный",31457
"2",100,100,100,100,100,100,100,100,100,100,100,100,100,100,71,100,100,"северный",52512
"3",100,100,100,91,100,100,100,100,90,100,100,100,96,94,100,100,81,"центральный",64148
"4",100,100,88,100,100,86,100,88,100,100,92,86,100,94,100,100,100,"северный",59034
"5",22,21,30,15,28,28,30,14,17,22,21,21,16,31,24,30,24,"южный",13384
"6",100,100,100,100,100,100,100,100,100,100,100,100,100,100,100,100,100,"южный",58540
"7",81,48,52,62,68,71,50,64,46,38,65,65,55,54,57,75,45,"северный",27093
"8",91,72,43,52,100,18,62,83,47,53,83,54,62,48,40,69,51,"центральный",68228
"9",54,58,56,55,72,60,59,62,55,80,58,68,46,65,72,50,48,"южный",49308
"10",43,32,33,75,41,39,29,43,25,58,63,74,19,60,0,52,43,"южный",39023
"11",0,0,0,0,0,0,0,0,0,0,0,0,0,0,0,0,0,"северный",35129
"12",1,0,6,3,5,0,14,0,11,17,3,5,15,8,0,0,13,"центральный",24786
"13",100,81,100,77,94,77,100,100,100,93,97,100,100,100,97,100,91,"северный",37727
"14",100,100,100,100,100,100,100,100,100,100,100,100,100,100,100,100,100,"северный",48213
"15",61,78,82,43,77,63,53,33,79,69,33,77,86,55,71,71,73,"северный",29121
"16",0,0,0,0,15,0,0,0,0,0,0,3,0,0,0,0,0,"центральный",18506
"17",100,100,98,100,89,79,79,97,93,100,95,100,78,100,100,90,100,"северный",50895
"18",27,0,12,6,10,0,0,0,40,11,28,36,3,0,4,19,0,"северный",47599
"19",95,84,89,90,95,86,81,100,80,96,100,73,92,83,91,100,100,"южный",54998
"20",28,30,12,6,27,23,38,33,33,14,20,11,35,25,48,36,27,"южный",35546
"21",74,99,62,67,64,57,70,46,43,64,84,56,7,75,46,100,80,"южный",46366
"22",88,86,100,100,100,95,85,100,89,100,100,79,100,100,100,100,100,"южный",44544
"23",47,23,33,55,48,65,46,39,24,27,43,47,19,33,18,45,37,"центральный",23928
"24",21,3,49,27,0,25,21,15,32,6,14,11,19,4,30,19,0,"центральный",34655
"25",58,56,61,50,62,77,67,47,64,71,65,57,64,82,68,51,63,"северный",42156
"26",60,53,57,51,46,36,53,36,61,37,44,39,32,60,56,40,42,"южный",51929
"27",82,65,75,72,98,100,67,81,77,69,91,92,99,89,66,100,93,"центральный",25508
"28",100,100,100,100,99,90,100,100,100,100,97,100,100,100,100,100,100,"центральный",71539
"29",81,90,67,90,65,86,73,100,78,68,70,69,71,76,99,100,52,"северный",45803
"30",78,87,87,78,93,85,75,80,78,89,77,86,84,78,76,82,89,"центральный",48080
"31",100,100,100,100,100,100,100,96,100,100,100,97,100,100,100,100,100,"центральный",46199
"32",49,35,70,66,46,58,57,54,46,62,64,35,68,64,44,57,49,"южный",34126
"33",38,87,82,75,92,87,83,67,85,77,70,76,78,60,100,51,63,"северный",22188
"34",91,91,93,85,87,89,88,88,90,90,88,97,98,98,95,85,90,"северный",47797
"35",29,20,3,31,31,19,3,42,9,37,35,3,1,6,22,55,35,"центральный",24799
"36",0,10,14,22,0,0,0,0,0,0,0,7,0,0,0,0,0,"северный",22806
"37",81,100,59,100,53,100,65,89,60,100,85,68,42,59,73,66,66,"северный",51620
"38",6,33,17,55,36,20,28,19,17,26,31,33,38,37,29,13,3,"южный",27270
"39",100,100,100,100,100,100,100,100,100,100,100,100,100,100,100,100,100,"южный",48008
"40",30,36,47,46,34,38,38,38,45,32,24,39,43,42,33,36,39,"северный",34964
"41",3,8,8,11,0,6,9,6,0,5,8,7,0,0,7,7,0,"южный",24171
"42",80,91,83,83,80,79,58,84,70,83,94,83,88,88,85,88,86,"южный",49427
"43",100,100,99,100,100,100,94,87,91,100,83,81,94,97,100,95,100,"центральный",43493
"44",36,60,30,43,15,42,61,46,41,27,24,43,23,11,37,29,35,"центральный",26274
"45",86,100,100,100,96,100,100,100,100,97,85,100,96,100,100,100,100,"центральный",49204
"46",49,46,44,45,41,59,66,40,53,23,41,77,69,47,63,20,56,"северный",32826
"47",100,100,100,100,100,100,100,100,100,100,100,100,100,100,100,100,100,"южный",42031
"48",43,13,19,29,38,29,29,16,5,46,14,4,19,30,0,28,0,"южный",32149
"49",100,100,100,100,100,100,100,100,100,100,100,100,100,100,100,100,100,"центральный",69552
"50",0,0,0,0,0,0,0,0,0,0,0,0,0,0,0,0,0,"южный",24904
"51",0,11,2,0,2,0,3,13,3,0,7,8,0,0,4,0,0,"северный",34495
"52",58,55,52,45,27,0,42,57,54,37,20,43,42,48,52,29,27,"южный",48567
"53",100,100,100,100,91,100,100,100,100,100,92,100,98,84,75,100,100,"северный",24345
"54",3,0,0,0,0,11,34,0,8,0,9,0,0,0,0,0,0,"северный",18608
"55",12,0,0,14,40,41,28,0,23,0,0,1,7,12,20,0,23,"центральный",9768.76486558467
"56",62,58,66,87,21,17,35,66,50,67,77,98,47,25,84,62,59,"северный",47360
"57",94,84,89,90,100,100,62,92,73,75,100,97,88,100,92,81,100,"южный",28380
"58",21,25,11,19,15,38,11,30,38,19,20,20,14,19,28,34,7,"южный",29673
"59",100,100,93,81,85,90,100,100,96,67,100,68,100,100,100,96,85,"южный",29295
"60",100,92,94,100,100,100,100,100,100,99,95,100,100,100,100,94,89,"южный",40680
"61",50,42,48,46,66,81,59,55,72,52,53,78,54,31,59,43,63,"северный",45954
"62",93,75,68,76,67,86,66,84,60,82,72,85,77,87,77,72,70,"южный",41303
"63",66,85,100,97,66,75,100,71,70,100,100,65,96,75,88,96,95,"центральный",41864
"64",36,39,33,33,49,39,44,44,34,31,52,35,28,39,37,38,42,"центральный",23665
"65",37,53,25,39,15,9,36,37,30,30,22,30,42,38,29,36,42,"центральный",32510
"66",41,59,45,40,50,42,47,33,54,47,62,49,41,51,56,53,47,"северный",35754
"67",100,100,100,100,100,100,100,100,100,100,99,100,100,100,95,100,100,"северный",29537
"68",29,35,36,33,53,64,48,40,39,18,49,43,44,27,17,46,43,"северный",40341
"69",99,82,86,82,95,100,100,85,94,100,91,100,95,100,100,100,76,"центральный",34205
"70",96,97,92,100,100,96,77,100,83,96,100,100,72,97,82,95,100,"южный",49835
"71",100,94,78,77,93,88,94,100,69,92,96,74,91,79,97,92,97,"центральный",42676
"72",51,66,42,50,19,48,48,29,49,51,25,65,49,51,67,37,37,"южный",29415
"73",0,0,40,22,41,18,39,32,27,28,24,44,25,49,26,25,50,"центральный",25923
"74",100,100,100,56,94,91,93,100,100,100,100,66,100,63,73,98,93,"северный",53850
"75",100,100,99,100,100,100,100,100,100,100,92,100,100,100,100,100,100,"северный",65658
"76",54,99,62,68,83,46,45,67,63,65,93,75,70,80,85,94,68,"южный",48397
"77",33,52,34,42,48,48,53,40,52,49,52,51,92,70,74,60,66,"северный",16430
"78",12,21,21,40,11,38,25,47,44,7,36,32,30,41,21,48,10,"центральный",46235
"79",92,100,93,100,100,70,68,84,88,100,91,80,91,84,100,100,91,"южный",48466
"80",42,48,45,58,46,55,50,40,77,69,53,89,71,63,77,84,53,"южный",27154
"81",100,100,100,100,100,100,100,100,100,100,100,100,100,100,90,100,100,"южный",42061
"82",95,100,90,100,100,100,100,100,100,97,100,100,100,100,100,100,99,"северный",51868
"83",92,29,54,87,54,77,28,99,63,80,58,62,45,70,66,70,79,"центральный",56412
"84",0,0,0,0,0,0,0,0,0,0,0,0,0,0,0,0,0,"северный",35729
"85",73,92,80,80,83,67,76,83,72,84,77,78,79,78,83,76,70,"центральный",33349
"86",63,73,57,67,65,39,67,60,50,63,48,86,70,64,77,66,80,"центральный",23884
"87",52,49,36,54,30,49,43,38,61,55,46,42,44,68,50,42,49,"северный",56267
"88",77,45,44,39,57,51,41,45,45,35,46,41,56,57,59,51,45,"северный",46781
"89",10,6,15,13,8,3,5,12,11,5,10,1,10,0,7,10,0,"северный",27736
"90",100,100,100,100,100,100,100,100,100,100,100,100,100,100,100,100,100,"центральный",52253
"91",48,4,41,41,33,28,39,42,27,62,67,40,48,52,30,15,56,"южный",36715
"92",93,74,89,75,82,92,77,78,78,76,95,72,67,63,100,100,74,"центральный",53928
"93",100,95,97,92,92,91,100,84,93,97,100,96,86,88,100,85,88,"северный",49007
"94",32,35,58,43,100,96,85,66,82,85,73,72,64,33,77,53,69,"южный",48278
"95",38,21,13,54,36,23,70,59,54,24,50,26,9,57,45,42,36,"северный",39567
"96",94,87,100,97,95,100,100,100,100,100,100,100,98,100,100,95,100,"северный",54209
"97",49,65,63,36,43,52,45,35,30,40,70,50,52,30,66,52,60,"южный",42538
"98",99,65,83,89,75,93,100,81,75,85,81,51,68,80,81,60,100,"северный",56305
"99",29,23,0,15,31,10,21,27,0,39,8,17,21,7,11,17,30,"южный",31491
"100",76,70,70,77,73,63,76,84,71,69,84,81,66,84,64,64,58,"центральный",35983
"101",30,22,39,22,20,16,0,13,7,10,0,50,16,16,29,0,16,"северный",33275
"102",17,24,36,17,22,32,34,32,20,30,27,52,38,43,26,40,51,"центральный",17481
"103",44,33,35,39,91,26,13,63,46,70,33,39,84,9,32,19,23,"центральный",35400
"104",80,76,75,80,94,84,78,78,71,83,91,83,75,74,70,57,78,"северный",63395
"105",71,61,67,75,71,84,78,67,72,72,71,65,63,71,69,65,64,"северный",29758
"106",22,36,31,25,24,40,25,37,46,30,26,50,28,34,48,26,42,"южный",46248
"107",0,0,0,0,0,0,0,0,0,0,0,0,0,0,0,0,0,"южный",22918
"108",71,74,60,91,69,67,69,59,80,76,73,78,76,74,66,76,87,"центральный",27171
"109",100,100,100,100,91,100,100,100,100,100,100,100,100,100,100,100,100,"центральный",43487
"110",14,17,27,30,23,18,37,29,17,32,27,28,15,21,36,18,37,"южный",16725
"111",82,73,75,37,92,86,81,71,63,93,72,87,60,70,52,64,71,"центральный",35530
"112",55,100,92,67,86,98,40,71,56,71,100,63,84,100,74,93,100,"северный",29943
"113",85,97,74,78,75,63,75,88,87,79,79,55,77,82,95,78,72,"южный",54032
"114",42,14,7,0,0,0,0,5,27,13,40,17,22,29,7,6,0,"центральный",30868
"115",67,72,71,71,58,62,61,64,64,60,68,65,56,61,58,64,56,"южный",50400
"116",8,0,0,0,7,4,23,4,5,0,0,30,34,0,0,0,0,"северный",36980
"117",80,52,79,58,90,69,66,65,64,81,70,66,78,69,64,84,67,"южный",43897
"118",0,0,0,0,0,0,0,0,0,0,0,0,0,0,0,0,0,"южный",15092
"119",60,45,62,69,49,53,63,49,80,62,53,63,42,65,67,49,69,"северный",42115
"120",61,49,92,97,92,82,56,65,76,79,66,88,84,72,78,96,100,"северный",41476
"121",100,100,100,95,100,93,100,93,100,100,100,100,100,100,100,98,100,"южный",52680
"122",20,0,3,0,9,17,15,24,1,6,10,5,1,14,17,12,7,"северный",27231
"123",100,100,100,100,100,100,100,100,95,100,100,100,100,100,100,100,100,"южный",49511
"124",100,100,100,100,100,100,100,100,95,100,100,100,100,100,100,94,100,"центральный",61999
"125",88,90,72,77,86,65,93,69,75,94,82,85,98,88,75,93,85,"южный",34856
"126",23,2,6,0,0,0,0,0,14,0,0,0,0,1,0,9,9,"центральный",36542
"127",0,13,0,5,0,18,3,53,31,13,17,13,4,0,16,0,3,"центральный",42980
"128",55,52,50,54,55,53,57,54,50,57,54,55,52,58,56,59,47,"южный",40091
"129",95,92,100,99,98,100,89,80,83,92,96,86,92,59,96,89,92,"южный",50209
"130",42,50,75,40,43,55,60,60,34,63,46,58,57,24,21,60,66,"северный",30845
"131",31,52,61,45,67,39,37,61,54,35,56,48,46,64,74,80,33,"южный",21120
"132",72,45,36,85,44,39,66,40,58,91,73,16,85,56,43,74,59,"центральный",45470
"133",100,100,89,100,100,100,100,100,100,100,100,100,100,100,100,100,100,"центральный",48691
"134",63,65,59,75,55,55,53,53,57,64,57,65,65,63,54,58,70,"южный",57152
"135",100,100,100,100,100,100,100,100,100,100,100,100,100,100,100,100,100,"северный",41026
"136",65,55,66,9,50,31,33,20,53,42,42,66,29,78,26,50,48,"южный",37793
"137",75,63,68,68,72,75,70,71,82,92,69,75,71,79,78,77,69,"южный",29484
"138",78,75,70,73,68,75,65,66,80,72,68,68,74,80,77,58,70,"центральный",44724
"139",62,56,57,72,55,69,70,65,62,79,52,46,62,40,63,63,73,"северный",20517
"140",85,53,82,81,58,71,75,75,96,79,86,77,68,80,78,84,100,"южный",34443
"141",35,56,40,40,37,44,30,35,28,43,40,41,45,49,33,43,30,"центральный",26778
"142",95,92,89,100,100,99,85,100,92,100,98,89,98,100,93,100,95,"северный",44232
"143",100,100,100,100,100,100,100,100,100,100,100,100,100,100,100,100,100,"центральный",43281
"144",92,100,84,87,80,95,81,93,77,93,93,96,100,82,99,100,100,"южный",34392
"145",86,100,100,100,83,100,100,100,100,100,100,85,100,93,100,100,99,"северный",45072
"146",44,28,35,47,28,37,41,42,37,49,39,32,31,40,40,47,45,"центральный",33015
"147",100,100,100,100,100,100,100,100,100,100,100,100,100,100,100,100,100,"южный",55977
"148",3,0,0,0,3,14,14,0,0,0,0,0,0,9,8,0,0,"центральный",14739
"149",0,0,0,0,0,0,0,0,0,0,0,0,0,0,0,0,0,"южный",22970
"150",34,60,21,35,39,40,46,43,29,35,49,20,34,37,34,35,38,"центральный",53204
"151",0,0,0,0,8,0,0,0,0,0,0,0,0,0,0,0,0,"центральный",37218
"152",17,12,14,10,23,18,6,7,0,12,30,22,26,19,24,14,26,"южный",44301
"153",50,47,58,51,83,81,74,82,65,75,67,54,54,53,60,64,43,"южный",18999
"154",36,52,20,66,80,33,42,58,65,62,66,36,64,82,52,51,51,"центральный",51601
"155",100,100,100,100,100,100,100,100,100,100,100,100,100,100,100,100,100,"северный",26200
"156",15,16,13,16,5,15,22,14,1,11,20,7,6,21,12,8,4,"центральный",26931
"157",30,47,32,30,50,30,34,34,33,52,48,36,40,36,31,52,43,"центральный",57670
"158",54,57,53,56,41,54,43,53,47,53,52,52,54,55,55,52,50,"южный",29798
"159",0,0,0,0,0,4,0,0,0,0,0,0,0,0,0,0,0,"северный",37102
"160",4,13,16,12,32,13,0,13,23,18,2,0,9,14,1,19,2,"южный",27136
"161",58,62,62,44,59,64,69,75,66,74,61,70,71,51,63,62,74,"южный",37726
"162",47,44,50,57,38,52,42,55,55,43,39,54,35,28,66,67,64,"южный",48691
"163",100,100,73,100,100,58,100,89,100,100,100,100,88,100,100,100,75,"центральный",53847
"164",33,73,56,47,49,45,68,31,48,59,65,59,71,54,62,77,38,"южный",18787
"165",76,86,87,62,72,54,70,75,82,84,58,47,76,83,71,48,88,"северный",27414
"166",84,94,100,100,91,100,97,100,100,100,100,100,96,100,97,100,100,"южный",33574
"167",45,52,47,46,48,50,43,48,58,45,59,49,63,53,46,45,50,"центральный",39362
"168",29,28,47,26,39,69,68,58,46,49,67,45,63,62,61,46,45,"южный",22669
"169",39,57,64,62,66,74,53,74,53,54,74,56,70,69,67,57,64,"южный",42018
"170",46,21,13,13,19,1,22,15,26,11,34,8,22,4,19,0,7,"северный",21706
"171",95,100,88,84,95,100,96,97,100,98,91,100,100,100,93,88,96,"центральный",41201
"172",34,32,43,23,37,41,35,39,34,34,33,32,30,36,47,50,39,"центральный",43564
"173",0,20,11,0,9,0,18,18,16,0,2,13,25,5,0,19,0,"центральный",19327
"174",0,7,12,7,4,0,3,6,0,0,0,10,2,3,5,0,2,"центральный",18735
"175",46,39,46,38,44,46,38,43,42,39,48,46,39,46,37,41,35,"южный",50926
"176",27,70,34,39,85,59,74,87,73,70,71,46,57,53,47,68,38,"южный",56609
"177",55,48,67,59,72,51,57,69,57,60,71,53,50,67,53,64,58,"центральный",40128
"178",32,53,19,18,16,10,45,16,35,42,10,23,2,10,33,14,18,"центральный",54926
"179",11,52,30,13,46,30,41,0,46,21,0,18,6,15,23,42,32,"центральный",46141
"180",100,100,100,100,97,100,100,100,100,100,100,100,100,100,100,100,100,"южный",48375
"181",37,50,35,10,36,43,47,44,34,48,34,35,45,26,34,46,45,"северный",45243
"182",42,37,39,26,40,45,45,40,38,36,40,35,36,29,47,36,34,"южный",18584
"183",84,73,67,71,64,73,57,64,68,50,69,50,69,47,44,78,68,"южный",34690
"184",70,85,78,100,65,88,100,58,92,98,92,97,85,75,99,84,100,"северный",36402
"185",11,0,15,0,0,3,0,5,0,0,0,0,11,18,0,0,0,"центральный",25693
"186",0,0,0,0,12,0,0,10,0,0,0,11,0,0,0,0,0,"южный",19888
"187",11,24,48,7,0,0,21,0,44,7,8,12,0,0,5,30,5,"южный",35632
"188",53,42,40,55,36,38,35,32,57,46,33,34,39,30,49,55,40,"южный",26135
"189",91,100,98,100,90,98,100,92,78,94,100,82,82,100,88,97,97,"южный",43710
"190",78,100,100,100,100,100,82,79,100,84,92,100,74,100,98,69,89,"центральный",43432
"191",64,87,99,87,65,46,60,72,56,84,70,60,69,63,71,78,82,"северный",35516
"192",0,0,0,0,0,0,0,2,0,0,0,0,0,2,0,0,0,"северный",32561
"193",58,45,52,55,31,55,76,36,70,52,43,44,48,75,23,51,59,"южный",22302
"194",43,42,50,49,35,35,28,53,19,12,37,48,73,34,48,53,71,"южный",31646
"195",47,27,57,53,41,52,34,52,37,50,33,36,30,41,55,30,43,"центральный",40193
"196",100,94,91,100,96,100,76,100,89,74,100,75,97,100,73,73,100,"северный",30330
"197",84,100,100,100,100,100,100,100,95,100,100,100,94,93,100,98,100,"южный",54588
"198",59,80,65,84,79,81,58,77,70,61,82,73,73,65,80,61,75,"южный",43853
"199",60,57,53,50,71,64,52,54,57,75,61,75,66,56,59,66,60,"северный",32492
"200",100,100,100,100,100,100,100,100,100,100,100,100,100,100,100,100,100,"южный",43200
"201",83,80,79,62,76,74,86,77,74,73,79,77,79,84,79,86,64,"южный",48925
"202",84,92,92,86,98,98,86,97,100,100,98,94,100,92,88,90,99,"центральный",37300
"203",79,73,82,86,54,97,91,76,77,91,92,98,72,62,90,77,72,"северный",55464
"204",100,100,100,100,100,100,100,100,100,100,100,100,100,100,100,100,100,"северный",79594
"205",100,100,86,100,99,79,85,100,100,100,86,100,81,100,100,93,100,"северный",65788
"206",94,100,96,89,94,100,73,96,91,100,99,97,99,85,91,96,76,"южный",43396
"207",100,70,91,100,87,74,81,100,67,62,100,65,66,95,76,67,83,"центральный",32731
"208",13,6,12,16,10,0,10,0,14,4,0,0,9,0,4,17,0,"северный",38946
"209",33,38,49,38,29,48,51,30,42,42,40,39,43,41,31,34,37,"южный",16202
"210",68,75,76,55,78,83,83,71,60,71,67,61,79,70,74,62,58,"южный",39391
"211",53,62,86,67,63,51,65,51,71,60,39,57,73,66,64,68,78,"южный",34247
"212",62,68,78,81,67,72,66,54,77,77,75,65,77,67,69,72,66,"северный",40291
"213",100,100,100,100,100,100,100,100,100,100,100,100,90,100,100,100,100,"южный",48038
"214",100,97,100,85,100,100,100,100,100,100,100,100,100,100,100,100,100,"центральный",35374
"215",63,75,76,50,64,53,9,67,87,100,57,59,71,34,55,42,100,"южный",32310
"216",89,90,90,100,91,97,96,100,100,99,87,92,86,93,89,98,91,"центральный",38780
"217",95,80,100,87,96,72,86,94,85,91,93,100,100,100,95,95,100,"центральный",45811
"218",0,0,0,0,0,0,0,0,0,0,0,0,0,0,0,0,0,"южный",19650
"219",44,45,42,34,33,30,48,17,32,41,39,14,40,42,23,48,59,"северный",44269
"220",0,0,0,0,0,0,0,0,0,0,0,0,0,0,0,0,0,"южный",28037
"221",0,0,0,0,0,0,0,0,0,0,0,0,0,0,0,0,0,"центральный",36631
"222",51,40,38,74,53,50,49,42,45,46,51,50,41,64,58,48,48,"центральный",45887
"223",46,21,0,22,25,45,14,26,45,43,47,38,32,20,55,16,41,"центральный",41771
"224",93,79,79,77,79,78,65,72,79,78,86,85,87,91,71,93,83,"центральный",33601
"225",100,100,100,100,100,100,100,100,100,100,100,100,100,100,100,100,100,"центральный",62334
"226",100,100,95,100,100,100,85,87,99,100,100,100,100,97,100,100,90,"южный",35820
"227",100,100,100,100,100,100,93,100,100,92,100,100,100,91,100,100,95,"центральный",53997
"228",2,0,0,0,0,0,0,0,0,0,0,4,0,0,0,0,0,"южный",34109
"229",55,52,58,67,49,56,61,60,50,68,68,48,62,61,56,53,53,"центральный",27717
"230",94,90,98,84,100,100,100,100,100,78,98,100,92,99,89,92,100,"северный",44085
"231",93,90,96,94,99,94,100,88,100,93,82,100,97,90,100,100,95,"северный",55587
"232",37,33,34,39,38,28,44,39,47,36,33,38,27,34,42,37,46,"южный",30322
"233",37,9,26,24,34,32,26,23,33,15,46,42,21,26,21,30,36,"южный",46917
"234",54,29,41,38,45,47,35,32,37,48,33,40,39,48,38,37,32,"северный",22428
"235",59,51,60,54,49,56,56,46,47,51,58,63,52,62,50,56,63,"южный",52432
"236",78,52,54,62,57,34,37,58,54,74,31,65,41,47,35,71,43,"южный",44392
"237",49,37,65,41,60,34,31,65,29,51,25,39,23,66,81,36,75,"южный",29038
"238",54,39,70,46,50,30,68,54,62,38,56,74,55,51,67,37,28,"южный",37652
"239",100,100,100,100,100,100,100,100,100,100,100,100,100,100,100,100,100,"северный",41055
"240",100,100,95,100,100,100,99,100,80,91,100,100,100,69,75,66,74,"южный",44578
"241",66,52,49,63,40,64,34,83,75,80,90,57,52,64,5,51,61,"центральный",31147
"242",51,36,48,19,30,47,12,33,43,10,12,29,6,21,19,16,31,"южный",31002
"243",11,53,32,60,17,69,63,35,59,44,71,58,29,63,53,58,71,"центральный",28527
"244",41,54,50,43,55,49,38,49,35,53,58,52,44,34,50,52,58,"центральный",47816
"245",37,45,46,42,45,46,49,52,45,48,42,47,43,51,51,42,38,"центральный",38226
"246",86,78,100,100,100,93,79,94,83,80,86,89,78,84,100,77,89,"южный",31441
"247",34,31,31,33,35,34,34,27,29,37,34,41,32,26,41,37,32,"центральный",28883
"248",25,40,23,40,34,32,35,31,36,31,32,47,29,44,18,36,13,"центральный",29063
"249",71,68,64,75,78,44,31,53,57,56,58,64,73,55,55,66,43,"центральный",48454
"250",24,6,28,5,33,28,5,3,26,4,10,5,5,23,21,0,28,"центральный",48956
"251",63,41,5,74,35,66,65,43,23,67,64,21,35,65,54,3,38,"центральный",44115
"252",22,56,39,39,40,24,25,23,26,21,48,37,58,41,17,49,61,"южный",29799
"253",50,43,33,42,52,47,43,62,49,26,41,45,42,45,26,43,36,"северный",32652
"254",100,100,100,100,100,100,100,100,100,100,100,100,100,100,100,97,100,"южный",21882
"255",75,100,90,91,88,86,76,88,88,81,100,100,77,88,93,100,96,"южный",49075
"256",45,53,46,40,63,57,55,53,40,41,48,44,33,53,60,56,38,"северный",40279
"257",35,45,52,56,67,7,44,17,77,53,42,66,21,80,57,61,33,"южный",35775
"258",67,49,47,65,54,51,51,63,57,80,63,57,60,43,57,59,71,"центральный",47499
"259",100,99,100,100,100,100,100,100,100,100,100,100,100,100,100,100,100,"южный",38252
"260",91,93,74,59,66,100,76,100,100,78,77,100,96,80,100,63,100,"северный",51866
"261",38,35,30,48,28,32,29,37,57,20,26,60,47,55,18,26,34,"северный",30756
"262",39,36,46,39,49,43,52,49,49,48,39,31,41,40,52,39,40,"северный",44670
"263",65,86,73,67,66,58,64,57,74,42,44,64,64,69,67,100,44,"южный",60156
"264",25,27,37,23,29,23,22,22,30,31,29,25,28,37,24,17,37,"южный",33743
"265",100,66,81,70,75,79,92,80,49,78,50,48,34,45,57,69,62,"центральный",40193
"266",18,4,16,15,19,36,28,26,9,14,20,31,35,18,39,34,29,"южный",14201
"267",71,69,61,78,81,55,100,90,47,45,52,59,72,75,66,45,82,"северный",40886
"268",100,65,90,71,100,68,75,92,100,85,100,60,100,100,98,100,64,"центральный",54437
"269",37,15,23,52,62,32,12,60,41,53,9,30,59,14,30,15,33,"южный",16064
"270",68,79,73,30,57,55,63,57,73,56,61,66,34,71,77,92,64,"центральный",43104
"271",51,58,59,73,66,51,64,77,63,69,71,53,68,73,67,75,69,"северный",54882
"272",20,46,37,54,30,31,30,33,27,38,16,70,49,13,43,66,59,"южный",10293.651107233
"273",100,100,100,100,100,100,100,100,100,100,99,94,100,100,100,100,100,"северный",47777
"274",71,73,67,75,76,76,78,81,71,74,74,78,71,81,76,68,74,"северный",35568
"275",76,67,94,73,75,69,73,54,65,56,45,79,73,77,74,89,55,"центральный",45317
"276",68,79,50,60,75,69,78,61,76,79,58,67,63,67,70,65,57,"северный",47263
"277",78,71,65,88,64,75,72,85,65,68,78,56,64,83,68,67,82,"северный",34607
"278",37,37,23,40,29,24,52,3,20,40,33,39,25,55,21,40,28,"центральный",44131
"279",26,16,3,19,23,20,22,30,31,14,15,19,15,9,22,7,22,"центральный",27514
"280",39,57,53,62,56,49,46,39,46,40,44,45,45,51,58,47,31,"северный",54789
"281",64,66,65,78,54,51,65,63,46,57,66,68,59,58,65,68,70,"северный",16445
"282",64,57,64,70,62,73,70,41,53,74,65,77,62,67,73,64,77,"северный",39969
"283",67,55,70,58,72,60,77,62,67,69,71,71,59,68,60,71,64,"северный",55861
"284",43,38,32,46,47,42,40,37,37,37,43,42,31,39,42,39,37,"северный",26048
"285",42,56,43,36,45,54,57,59,30,46,50,43,57,44,50,53,33,"северный",39720
"286",95,100,100,100,100,90,91,98,100,81,100,89,92,100,96,100,97,"центральный",34746
"287",100,100,100,100,100,100,100,100,100,100,100,100,100,100,100,100,100,"северный",54956
"288",67,57,47,47,44,65,66,88,41,27,50,51,48,40,49,49,62,"южный",16106
"289",68,62,90,83,57,71,74,79,63,78,70,60,90,70,87,72,57,"южный",32164
"290",32,25,35,23,29,41,32,24,20,17,8,30,12,12,21,30,17,"южный",17286
"291",46,94,77,44,77,21,61,54,71,50,56,20,50,51,85,84,34,"южный",34482
"292",46,37,13,29,29,33,14,13,25,27,18,48,32,18,46,27,20,"южный",30269
"293",70,60,96,59,80,73,72,77,54,42,62,85,69,55,67,72,81,"южный",45144
"294",62,69,60,46,61,37,39,50,43,48,30,44,70,66,59,48,54,"южный",47740
"295",63,19,71,31,56,29,48,24,17,20,52,6,33,28,29,27,33,"южный",23031
"296",100,100,100,100,100,86,96,100,100,100,95,100,93,98,87,100,100,"южный",39445
"297",100,100,100,100,100,100,92,100,100,100,100,100,100,100,100,100,100,"южный",40478
"298",0,0,11,21,0,16,0,19,0,0,6,5,0,0,4,16,26,"центральный",50905
"299",61,55,72,65,66,58,54,63,63,55,60,72,66,63,67,56,57,"северный",26504
"300",72,79,71,75,67,67,100,82,60,91,99,100,79,81,54,100,92,"северный",40861
"301",0,3,0,0,4,0,0,0,0,4,0,11,1,6,0,0,0,"южный",52818
"302",67,55,69,68,72,55,52,52,71,68,56,47,35,61,61,47,49,"центральный",58674
"303",64,44,45,48,32,52,45,60,50,50,49,59,40,45,40,54,43,"южный",35952
"304",39,72,90,82,100,98,89,84,84,71,100,91,100,100,82,93,100,"южный",28604
"305",61,61,64,60,60,58,59,67,65,57,73,50,55,62,59,66,72,"северный",27290
"306",0,0,0,0,0,0,0,0,0,0,0,0,0,0,0,0,0,"центральный",34901
"307",67,66,62,70,70,71,63,62,61,76,66,66,68,71,70,72,67,"южный",36613
"308",100,100,100,100,100,100,100,100,100,100,100,100,100,100,100,100,100,"северный",70507
"309",43,49,34,53,48,52,25,50,45,20,24,0,39,46,31,40,39,"центральный",40526
"310",49,45,45,41,43,39,40,36,48,43,36,47,36,35,48,39,47,"южный",51442
"311",100,100,100,100,100,100,100,100,100,100,100,100,100,100,100,100,100,"центральный",48344
"312",87,86,91,95,58,66,77,100,57,44,100,100,72,93,56,40,58,"южный",29976
"313",70,45,51,90,60,55,71,67,64,61,59,43,55,19,54,66,44,"центральный",34499
"314",28,21,26,32,29,27,26,30,27,16,26,32,24,29,13,32,31,"северный",18562
"315",73,90,86,80,79,66,50,66,66,92,68,75,62,52,69,94,86,"северный",39632
"316",82,88,41,87,96,87,81,87,66,60,70,66,93,72,100,48,53,"южный",49738
"317",74,67,66,66,56,71,65,61,59,64,49,68,55,66,62,59,62,"центральный",27516
"318",11,9,25,11,6,2,20,0,10,18,7,3,20,9,25,11,11,"центральный",41990
"319",100,89,99,96,93,94,86,98,100,100,94,98,100,100,100,100,99,"центральный",52523
"320",95,81,80,90,82,78,99,97,78,88,80,100,87,88,78,82,81,"центральный",48349
"321",70,50,98,33,69,81,100,48,67,68,84,69,44,60,61,63,100,"центральный",43466
"322",48,24,25,5,47,46,23,16,26,36,53,47,2,18,32,10,36,"центральный",32789
"323",100,100,100,100,100,100,100,100,100,100,100,100,100,100,100,100,100,"южный",43429
"324",28,36,24,0,23,28,27,31,17,32,1,26,14,47,18,21,27,"центральный",44636
"325",0,0,0,0,2,4,0,4,0,0,0,1,3,0,0,6,0,"центральный",30817
"326",34,41,55,46,52,36,44,31,42,40,47,47,49,50,46,41,43,"центральный",34579
"327",61,66,67,60,71,67,62,60,66,63,59,59,67,77,66,63,68,"центральный",39378
"328",58,54,50,51,46,42,53,61,52,52,52,66,55,66,53,41,58,"северный",37820
"329",61,47,64,54,60,45,51,71,55,42,50,50,48,46,72,57,51,"южный",40006
"330",44,45,35,44,43,43,48,45,47,51,49,57,62,60,40,57,64,"северный",44913
"331",100,100,100,100,95,100,100,100,100,100,100,99,100,100,100,100,100,"северный",26196
"332",69,81,90,91,82,89,78,68,72,74,77,72,89,85,86,74,84,"южный",47433
"333",100,100,100,100,100,100,76,100,100,91,100,94,92,98,100,91,88,"южный",66319
"334",15,21,0,15,0,16,0,0,2,6,0,30,3,14,0,1,0,"южный",22191
"335",68,66,56,68,58,70,70,57,62,62,54,59,61,73,73,51,54,"северный",34691
"336",0,0,0,0,0,0,7,0,0,0,0,0,0,0,0,0,0,"южный",40611
"337",81,98,89,81,72,89,92,84,94,100,49,88,79,94,96,78,63,"северный",59488
"338",12,0,0,15,41,60,30,33,21,6,0,5,28,0,26,9,14,"южный",29342
"339",100,100,60,72,67,90,80,68,84,80,94,100,98,85,82,99,75,"южный",43121
"340",100,82,88,90,100,100,89,94,100,100,90,77,100,100,88,100,100,"центральный",55908
"341",30,50,37,39,38,35,46,51,39,38,58,40,42,42,57,52,42,"южный",12704
"342",100,100,100,100,100,100,100,100,100,100,100,100,100,100,100,100,100,"северный",35797
"343",100,100,100,100,100,100,100,100,100,100,100,100,88,100,100,100,100,"центральный",34334
"344",10,15,0,0,29,23,13,0,40,20,20,12,27,3,14,12,0,"южный",21229
"345",48,46,66,60,55,72,62,64,62,67,69,58,63,70,73,54,76,"северный",42078
"346",100,100,100,76,100,93,100,88,89,100,72,94,100,100,83,100,100,"южный",50463
"347",100,100,100,100,100,100,100,100,100,100,100,100,100,100,100,100,100,"северный",45470
"348",44,56,80,38,24,49,79,100,55,72,52,72,32,72,41,29,60,"центральный",29557
"349",34,45,42,36,36,38,45,22,51,28,46,17,41,37,36,42,33,"центральный",19387
"350",65,62,56,62,48,62,49,58,55,49,49,66,54,64,48,57,41,"центральный",23826
"351",69,29,93,52,100,97,100,100,39,100,78,71,59,100,91,100,100,"центральный",30645
"352",52,62,49,57,50,58,55,55,63,54,44,52,61,55,60,53,44,"северный",28876
"353",61,20,48,11,29,29,54,57,36,55,32,31,51,75,59,14,44,"северный",39451
"354",43,42,34,36,34,37,36,38,41,40,51,36,45,42,46,30,39,"южный",30636
"355",75,54,41,65,37,35,55,71,52,56,52,31,43,68,51,48,53,"южный",50954
"356",18,0,0,19,22,10,3,3,5,10,10,0,39,0,24,18,11,"центральный",33478
"357",71,81,98,81,66,85,92,89,72,69,72,79,59,79,71,92,91,"северный",47438
"358",23,13,26,14,26,24,18,21,19,18,15,19,17,16,17,15,19,"центральный",43962
"359",61,72,64,69,54,69,48,70,48,65,53,62,75,56,70,67,72,"центральный",38045
"360",52,64,51,55,57,60,51,57,65,73,34,59,19,44,73,66,49,"северный",34053
"361",76,59,67,80,73,62,83,89,71,58,70,67,68,76,98,68,61,"центральный",31319
"362",15,39,24,17,70,46,25,28,53,22,60,33,43,61,47,51,59,"центральный",24272
"363",28,50,39,45,55,48,33,38,33,41,40,19,42,36,61,34,40,"южный",26841
"364",85,51,75,58,78,57,57,48,75,62,75,67,57,69,80,62,72,"северный",46558
"365",36,25,11,0,38,31,33,6,15,14,12,0,8,26,27,0,45,"центральный",15220
"366",35,51,52,32,48,26,44,21,52,42,24,37,48,63,64,37,44,"центральный",42184
"367",14,0,1,2,21,12,0,0,19,0,6,0,0,4,9,0,0,"южный",40921
"368",66,50,44,57,76,46,52,51,58,65,67,62,53,57,54,43,40,"северный",33356
"369",100,100,100,100,100,100,100,100,100,100,100,100,100,100,100,100,100,"центральный",39920
"370",100,89,100,100,100,100,100,100,100,97,100,100,100,100,100,91,100,"южный",34883
"371",61,77,62,87,57,88,100,89,75,77,95,56,56,72,91,58,82,"центральный",60418
"372",58,73,74,91,62,66,77,81,64,74,67,95,75,88,88,59,62,"северный",15128
"373",76,96,85,88,82,98,100,84,92,83,93,95,88,93,92,90,100,"центральный",46881
"374",49,55,62,23,54,42,86,79,48,49,74,57,43,42,58,25,59,"северный",40390
"375",69,68,42,95,75,97,100,100,100,82,69,100,67,86,97,90,100,"южный",20610
"376",22,23,22,18,27,31,32,42,18,45,32,26,35,16,19,29,14,"центральный",29420
"377",94,95,100,100,100,100,100,100,100,100,100,100,100,100,100,100,100,"южный",50647
"378",100,100,100,100,100,100,100,100,100,100,100,100,100,100,100,95,100,"северный",31380
"379",100,100,77,82,100,93,100,100,100,100,100,84,100,100,82,100,65,"южный",41952
"380",30,54,40,43,57,16,31,40,43,81,51,47,55,43,29,44,49,"северный",25526
"381",45,59,52,54,61,39,46,55,38,45,61,57,56,56,37,48,58,"южный",25645
"382",84,70,70,92,70,100,100,89,80,94,100,100,74,91,100,76,93,"северный",47424
"383",52,100,63,41,83,52,57,43,62,35,70,77,81,65,47,57,43,"южный",38044
"384",100,100,100,100,100,100,100,100,100,100,100,100,100,100,100,100,100,"северный",49995
"385",43,52,81,51,73,53,37,43,64,85,61,86,39,51,57,63,46,"северный",36876
"386",78,68,53,64,79,78,83,54,79,34,60,76,48,55,31,57,56,"южный",52486
"387",0,0,0,0,0,0,0,0,0,0,0,0,0,0,0,0,0,"северный",30627
"388",90,97,92,88,100,90,84,80,100,91,91,84,100,87,93,90,89,"южный",48731
"389",100,100,88,100,100,100,100,100,100,100,100,100,100,100,100,100,100,"южный",50173
"390",54,49,81,62,91,59,35,59,64,76,49,100,97,81,64,82,55,"северный",31085
"391",100,100,100,100,100,82,100,100,100,100,100,100,100,100,100,100,100,"центральный",57556
"392",29,19,9,23,40,30,13,31,16,17,27,20,44,33,27,13,42,"южный",21496
"393",70,71,75,67,70,45,68,58,63,70,66,74,65,72,53,54,65,"центральный",39837
"394",12,32,25,35,7,15,45,33,38,41,40,37,5,0,5,13,16,"центральный",24756
"395",34,48,30,48,44,51,47,50,37,55,58,36,40,47,54,45,52,"южный",24988
"396",0,0,0,0,0,0,0,0,0,0,0,0,0,0,0,0,0,"северный",16150
"397",70,83,50,77,66,62,55,54,54,48,62,64,54,61,68,65,70,"северный",42999
"398",7,11,16,29,13,0,21,5,0,17,10,21,28,0,0,17,0,"центральный",30795
"399",0,0,12,0,2,9,11,7,7,0,0,10,0,10,13,10,9,"центральный",10643
"400",100,100,100,100,100,100,100,100,100,100,95,97,99,100,100,98,100,"южный",41839
"401",50,45,52,54,17,68,69,54,54,53,58,68,60,58,55,46,63,"центральный",20196
"402",100,100,100,100,100,100,100,100,100,100,100,100,100,100,100,100,100,"южный",39103
"403",52,53,56,68,49,59,53,60,66,70,46,61,59,60,58,56,58,"южный",40325
"404",100,100,100,100,100,97,100,100,100,100,100,98,100,100,94,100,100,"северный",53349
"405",5,9,0,0,0,0,0,6,5,0,0,11,10,0,11,0,0,"южный",32588
"406",0,0,0,0,0,0,0,0,0,0,0,0,0,0,0,0,0,"северный",27972
"407",69,62,46,51,63,57,89,30,35,72,81,86,93,29,58,87,98,"северный",34991
"408",19,35,30,33,0,0,0,0,0,5,9,28,26,0,20,6,10,"северный",30349
"409",0,0,0,1,0,0,0,0,0,0,5,0,0,17,0,7,0,"северный",23829
"410",77,71,66,74,67,65,62,72,65,57,71,73,45,69,67,72,64,"южный",49504
"411",48,29,31,7,24,33,6,11,37,0,6,33,16,25,19,0,27,"центральный",47251
"412",47,48,56,55,75,41,100,76,37,29,44,65,79,59,73,76,57,"южный",26096
"413",8,3,5,8,20,0,0,67,0,0,28,0,26,15,0,45,17,"южный",9808
"414",100,88,71,59,73,82,76,74,74,69,60,63,81,66,92,71,78,"северный",56600
"415",81,76,77,56,76,69,66,63,68,81,62,65,51,78,71,64,70,"северный",54837
"416",3,0,0,19,0,0,18,6,0,22,2,29,0,5,0,0,0,"северный",25299
"417",28,41,38,34,49,16,24,11,34,13,50,50,22,21,35,3,24,"северный",33372
"418",31,0,22,10,34,8,47,0,19,43,42,23,31,31,25,0,27,"северный",37858
"419",59,43,43,70,66,48,54,38,51,52,37,38,60,64,55,46,63,"центральный",39246
"420",0,10,0,0,0,39,30,5,6,7,8,19,0,0,12,9,0,"центральный",31511
"421",65,100,71,73,47,68,92,75,83,42,100,78,61,83,71,82,62,"северный",37996
"422",100,100,100,100,100,100,100,100,100,100,100,100,100,100,100,100,100,"южный",55633
"423",73,57,63,80,61,53,69,67,64,45,63,72,59,71,69,61,56,"северный",53459
"424",68,61,46,84,45,69,63,43,58,28,47,91,65,61,100,31,40,"южный",57225
"425",81,62,68,72,61,55,83,54,67,42,52,61,51,59,50,70,51,"южный",32673
"426",0,0,2,0,3,0,0,0,0,0,0,0,0,0,0,0,0,"южный",19516
"427",85,67,61,84,97,76,100,76,91,92,100,96,100,96,83,57,91,"центральный",46976
"428",66,73,71,79,86,76,85,92,64,81,85,50,66,71,70,64,77,"северный",32352
"429",0,0,0,0,0,0,0,0,0,0,0,0,0,0,0,0,0,"центральный",38648
"430",68,65,67,74,67,56,66,64,68,76,65,64,68,61,49,56,74,"южный",29775
"431",11,2,0,12,3,0,5,4,0,10,0,5,1,1,0,0,0,"северный",26853
"432",80,65,89,57,79,78,65,58,79,67,64,80,77,63,68,75,72,"центральный",38736
"433",98,68,50,60,92,73,67,64,92,72,73,97,79,77,72,88,69,"северный",55828
"434",32,47,43,38,36,40,41,49,37,23,56,38,33,55,45,46,41,"южный",41499
"435",45,58,23,49,45,29,27,60,55,61,74,45,62,27,68,25,36,"южный",35533
"436",52,54,66,60,76,65,66,56,52,79,71,50,69,67,63,61,73,"северный",32849
"437",58,50,41,60,78,64,28,31,52,54,50,36,33,42,56,36,73,"северный",44151
"438",11,11,7,17,0,19,17,14,12,0,14,15,14,6,0,6,21,"центральный",25370
"439",87,49,73,100,60,66,79,100,96,72,76,100,91,63,89,67,100,"южный",41424
"440",88,91,98,94,95,93,90,100,98,91,100,100,100,94,94,90,88,"северный",43624
"441",100,79,72,80,100,76,78,97,100,86,62,98,50,100,90,69,79,"северный",55900
"442",99,100,100,100,100,100,100,100,100,100,100,100,100,100,100,100,72,"южный",26445
"443",37,52,34,62,66,24,47,44,34,40,48,51,52,59,32,66,43,"южный",30376
"444",11,0,11,0,1,0,0,12,4,6,28,7,0,2,12,3,5,"северный",12651
"445",27,29,57,50,25,48,40,50,41,57,13,18,51,71,21,32,43,"южный",31034
"446",100,100,100,93,100,100,100,100,100,100,91,100,100,100,100,100,100,"центральный",45800
"447",65,63,59,61,60,62,65,70,71,70,58,59,55,57,55,66,56,"северный",31101
"448",72,65,40,65,98,55,68,78,61,63,75,48,65,67,90,85,70,"северный",47533
"449",100,100,100,100,100,100,100,100,100,100,100,100,100,100,100,100,100,"южный",21814
"450",95,84,72,85,85,88,78,89,90,79,77,81,78,93,88,93,88,"центральный",26868
"451",56,56,37,58,49,54,60,38,42,35,50,51,53,44,45,47,43,"южный",36337
"452",51,45,54,37,51,45,49,37,53,45,47,53,50,37,50,48,47,"центральный",48417
"453",81,87,75,77,90,80,88,77,90,79,80,75,85,87,73,88,77,"северный",32750
"454",91,63,88,76,86,62,61,83,91,88,83,52,71,91,78,78,62,"северный",35805
"455",100,100,100,100,100,100,97,100,100,100,86,100,100,100,100,100,89,"южный",44655
"456",27,67,12,24,16,50,24,36,26,29,22,9,17,31,0,20,24,"южный",20886
"457",74,95,89,82,94,61,90,65,82,83,76,80,62,100,79,72,80,"центральный",46438
"458",83,41,63,46,57,31,48,70,36,46,64,60,60,55,44,40,55,"южный",20441
"459",63,83,48,45,53,71,35,68,74,61,49,54,57,60,60,61,50,"центральный",49831
"460",100,59,100,84,86,100,100,100,77,93,74,100,64,78,90,100,100,"центральный",36377
"461",59,78,75,21,58,23,67,34,74,20,30,52,92,8,43,34,52,"северный",38367
"462",36,15,47,53,40,68,70,38,37,57,56,65,25,38,66,79,60,"северный",40474
"463",94,100,87,97,100,98,100,100,93,99,95,100,81,100,100,97,89,"северный",57264
"464",88,100,100,100,100,100,95,100,100,100,100,100,100,100,100,100,100,"северный",55441
"465",59,37,46,44,46,38,45,37,45,54,51,49,60,39,56,49,50,"южный",47944
"466",39,34,27,78,30,1,2,55,2,0,54,0,48,39,62,0,30,"северный",41985
"467",0,0,0,0,0,0,0,7,0,0,0,0,0,0,0,0,0,"южный",26606
"468",35,47,35,39,50,22,60,50,44,43,44,54,24,38,53,34,29,"южный",41287
"469",100,100,100,100,100,100,96,100,100,100,100,100,100,100,100,100,100,"центральный",40035
"470",90,100,100,79,100,100,90,100,94,87,90,100,93,75,86,84,86,"северный",25026
"471",37,37,86,54,61,65,46,40,49,14,67,46,58,64,55,50,56,"северный",23612
"472",100,100,100,100,98,100,100,100,100,100,100,100,100,100,100,100,100,"центральный",37606
"473",100,100,100,100,100,100,100,100,100,100,100,100,100,100,100,100,100,"центральный",45602
"474",55,51,43,76,74,78,70,52,45,76,75,41,69,57,56,74,58,"северный",47568
"475",29,25,25,22,24,19,25,25,30,35,30,27,32,18,24,30,33,"центральный",10964.7937859409
"476",54,58,75,69,71,74,46,72,59,69,68,69,61,60,76,86,62,"центральный",33958
"477",79,63,73,49,52,56,48,60,53,35,27,22,25,17,48,35,33,"центральный",65421
"478",63,60,62,81,68,49,56,51,52,66,66,64,66,48,51,54,69,"северный",33350
"479",0,18,18,0,11,14,28,0,31,60,30,35,35,16,59,66,33,"южный",20190
"480",100,87,100,99,95,100,87,100,100,48,93,81,89,98,93,100,100,"северный",57000
"481",36,47,26,47,49,47,44,42,32,40,39,42,45,36,42,47,49,"северный",32213
"482",9,11,11,36,9,4,14,9,8,20,2,9,11,10,3,21,1,"южный",26715
"483",24,70,31,52,27,26,76,28,21,41,32,48,23,24,36,33,57,"центральный",20375
"484",100,100,100,100,94,91,100,100,98,100,100,100,100,100,100,100,100,"южный",61277
"485",10,65,59,21,5,16,24,28,16,56,29,23,0,44,6,39,37,"центральный",43542
"486",18,0,0,0,0,26,0,35,0,22,29,0,13,6,0,0,0,"южный",23536
"487",28,0,22,0,0,3,0,0,0,20,0,25,6,10,2,5,0,"центральный",22780
"488",52,53,14,42,58,13,31,37,63,42,7,39,66,43,65,29,40,"южный",45052
"489",0,0,0,0,0,0,0,0,0,0,0,0,0,0,0,0,0,"центральный",27528
"490",42,37,49,39,32,69,54,46,34,38,57,55,39,49,71,35,67,"центральный",20143
"491",100,100,100,100,100,100,100,100,100,100,100,100,100,100,100,100,100,"центральный",32235
"492",100,59,91,57,100,85,87,100,53,64,81,70,86,98,61,75,100,"южный",51562
"493",23,26,50,48,31,36,38,35,36,34,37,38,39,46,48,44,38,"северный",33093
"494",100,96,100,100,100,100,100,100,100,75,100,100,100,100,100,100,100,"северный",36878
"495",26,20,39,49,44,28,27,2,59,19,61,33,25,36,49,31,42,"центральный",42197
"496",89,88,100,100,100,97,100,92,98,100,100,98,69,100,87,100,97,"центральный",34029
"497",15,47,20,23,6,36,0,0,0,0,8,16,27,33,27,15,22,"южный",29457
"498",100,88,94,100,79,66,100,78,77,100,100,100,80,50,80,87,100,"северный",53079
"499",43,53,41,41,55,38,49,34,37,71,30,61,41,43,64,40,33,"северный",35366
"500",68,91,100,83,96,74,81,68,78,78,62,31,94,94,98,81,70,"центральный",44863
"501",3,14,20,0,15,31,29,19,31,23,19,34,5,12,17,35,19,"центральный",11761
"502",59,0,2,20,35,67,12,32,28,58,4,46,23,24,23,83,43,"центральный",31521
"503",80,83,90,88,75,78,76,72,73,83,78,72,78,84,76,74,74,"центральный",59900
"504",2,0,0,0,6,0,0,6,13,2,0,0,0,0,6,0,6,"центральный",29553
"505",0,28,25,11,24,13,45,10,28,16,24,15,16,6,28,0,25,"южный",29984
"506",0,0,12,0,0,20,58,20,15,0,0,0,0,0,0,37,0,"северный",26157
"507",29,22,18,26,24,23,19,20,26,19,27,29,21,21,19,30,29,"центральный",23295
"508",21,25,24,23,21,17,25,22,30,21,33,20,20,18,32,23,31,"северный",32662
"509",92,94,81,90,79,87,78,85,91,91,86,92,89,82,80,84,93,"северный",43915
"510",50,51,32,46,34,40,34,36,34,46,43,43,40,41,43,39,32,"южный",34783
"511",42,31,47,35,27,30,39,46,27,39,32,45,37,36,31,30,35,"южный",37969
"512",87,78,70,47,90,100,100,83,64,66,44,97,76,81,21,99,85,"южный",36795
"513",0,0,0,0,0,0,0,0,0,0,0,0,5,0,0,0,0,"южный",52756
"514",92,81,91,91,84,89,72,99,78,97,70,80,94,93,75,96,82,"северный",48476
"515",82,98,67,65,83,78,70,94,87,91,82,91,77,79,85,82,82,"северный",54028
"516",78,79,88,93,73,99,81,92,89,92,80,81,87,69,43,50,42,"южный",31158
"517",100,100,100,100,100,100,100,100,100,100,100,100,100,100,100,100,100,"северный",59320
"518",12,6,2,9,17,21,8,15,22,9,35,3,12,13,5,18,3,"северный",45320
"519",63,55,37,39,36,53,46,47,55,50,31,28,53,57,44,46,40,"центральный",40516
"520",43,80,50,47,80,49,61,73,69,76,66,62,87,64,58,50,51,"центральный",21865
"521",20,24,41,17,35,32,32,21,32,27,46,17,39,30,36,48,14,"южный",43743
"522",54,52,54,61,56,59,68,56,48,28,71,50,59,48,50,61,70,"центральный",40017
"523",100,100,90,91,94,77,72,96,82,100,100,97,95,82,76,100,100,"южный",37281
"524",80,68,86,67,94,84,91,72,95,93,91,78,78,77,67,87,89,"южный",52807
"525",100,100,100,100,100,100,100,100,100,100,100,100,100,100,100,100,100,"южный",36477
"526",46,79,65,77,81,65,57,70,76,59,93,79,64,55,66,52,63,"центральный",65879
"527",100,100,100,100,100,100,100,100,100,100,100,100,100,100,100,100,100,"центральный",46458
"528",57,53,68,57,48,34,69,57,72,62,82,47,42,61,33,72,67,"северный",38800
"529",80,100,100,100,62,97,93,85,87,100,97,100,100,86,94,100,92,"северный",60882
"530",30,32,24,32,14,31,20,20,14,25,16,34,19,34,21,23,24,"центральный",45410
"531",100,100,100,100,100,100,100,100,100,100,100,100,100,100,100,100,100,"южный",43272
"532",100,100,100,100,92,100,73,100,100,100,100,67,66,80,100,90,97,"центральный",55967
"533",43,48,53,26,55,46,50,38,62,52,51,71,35,33,40,51,43,"центральный",48618
"534",48,48,38,50,50,45,52,54,47,53,54,42,41,52,51,45,57,"южный",55188
"535",5,11,6,14,11,10,14,33,7,16,0,0,5,10,10,32,6,"северный",20933
"536",55,55,63,33,48,93,58,54,73,74,51,27,37,46,55,81,49,"северный",25960
"537",34,29,8,9,14,18,9,23,38,18,36,24,19,25,43,23,11,"южный",42605
"538",100,100,100,100,100,100,100,100,100,100,100,100,100,100,100,100,100,"центральный",48829
"539",20,30,0,55,29,36,4,33,0,17,5,24,31,21,21,14,0,"северный",25454
"540",52,60,61,71,71,74,54,66,51,57,61,47,46,67,55,55,46,"центральный",44802
"541",100,100,100,100,100,100,100,100,100,100,100,100,100,100,100,100,100,"центральный",62843
"542",56,56,56,67,59,49,57,49,56,51,51,55,55,68,62,50,57,"центральный",46866
"543",8,10,41,41,0,17,21,18,18,25,42,28,13,29,7,14,20,"южный",11151
"544",27,54,31,47,54,45,50,46,42,47,42,49,42,30,46,31,27,"северный",25433
"545",94,83,54,75,70,58,100,54,63,67,66,67,80,98,80,100,100,"центральный",60230
"546",33,0,45,61,17,42,61,42,64,54,52,41,33,5,48,46,23,"северный",30646
"547",6,35,16,18,28,13,20,10,15,11,0,14,35,25,4,17,29,"южный",14402
"548",17,11,23,19,29,23,48,45,18,17,20,24,17,18,36,44,35,"южный",30763
"549",85,52,87,82,100,64,75,69,50,88,62,73,86,44,87,76,64,"северный",62822
"550",0,2,11,0,4,2,9,14,0,13,7,11,2,3,0,7,9,"центральный",20952
"551",44,37,36,20,32,50,11,33,36,28,45,31,39,22,21,39,38,"южный",29698
"552",79,89,81,70,91,91,78,79,89,75,83,90,75,80,89,90,76,"северный",29250
"553",100,100,100,98,100,100,100,100,100,100,100,96,100,100,100,100,100,"северный",40228
"554",48,62,87,62,84,92,56,58,34,61,45,33,41,95,77,27,23,"северный",40093
"555",95,79,92,97,100,100,100,100,80,100,99,100,100,100,93,100,81,"южный",50756
"556",45,29,27,59,42,15,12,47,30,40,62,53,31,48,64,35,58,"южный",24699
"557",53,51,54,61,64,62,63,55,54,56,56,56,57,44,54,53,57,"северный",31422
"558",100,100,96,100,88,100,100,62,100,100,100,99,100,85,95,100,100,"северный",56703
"559",53,54,49,18,33,43,38,82,11,52,72,63,46,43,51,41,59,"северный",41711
"560",58,52,62,53,55,46,41,52,68,60,38,59,55,57,40,59,44,"центральный",31784
"561",0,0,0,0,0,5,0,0,0,25,9,0,0,0,20,0,4,"северный",36706
"562",34,56,57,63,67,57,50,60,44,32,52,44,84,73,23,67,79,"южный",32693
"563",100,73,100,100,100,72,100,76,100,74,83,100,78,96,100,65,100,"центральный",55861
"564",92,92,87,90,91,89,85,86,89,86,89,91,90,80,96,89,91,"южный",38011
"565",69,56,71,63,67,46,70,46,65,71,49,48,63,64,39,42,53,"северный",38297
"566",95,97,87,76,79,68,86,81,84,70,83,100,93,97,91,81,88,"южный",38470
"567",77,90,42,38,90,70,51,73,42,79,97,55,100,62,83,77,60,"северный",46543
"568",63,56,77,59,62,72,76,73,53,34,72,62,68,36,61,78,66,"северный",41584
"569",68,75,65,70,72,65,72,67,77,75,69,65,75,74,58,64,64,"южный",43092
"570",51,55,90,53,74,53,41,50,54,54,53,52,62,45,26,39,34,"северный",33198
"571",99,100,100,100,95,100,100,99,100,100,88,100,100,88,96,92,100,"южный",23575
"572",45,37,42,25,32,40,20,34,18,28,29,44,34,35,40,30,21,"центральный",33821
"573",78,100,100,91,96,100,92,67,90,99,92,100,89,77,100,81,88,"южный",36042
"574",89,79,81,86,80,74,73,76,84,84,66,68,96,76,79,71,72,"южный",45248
"575",100,94,100,90,84,99,93,90,82,92,93,80,75,92,95,93,91,"южный",29588
"576",42,3,43,55,0,63,20,53,33,25,24,19,18,24,28,20,37,"центральный",32687
"577",47,11,29,66,54,43,30,45,42,21,40,46,34,27,34,22,33,"северный",13606
"578",42,28,35,45,47,46,52,53,50,59,43,38,33,66,25,44,26,"центральный",30124
"579",37,44,51,61,52,54,49,64,49,51,42,59,46,52,49,77,28,"южный",34608
"580",0,0,22,15,0,0,46,18,23,0,19,4,0,14,0,29,44,"северный",28999
"581",67,77,70,86,82,84,72,77,63,69,82,91,71,66,73,76,55,"северный",46227
"582",100,100,100,100,100,100,100,100,100,100,100,100,100,100,100,100,100,"северный",39336
"583",41,71,83,45,56,76,52,33,51,87,49,86,65,89,55,35,61,"южный",32519
"584",71,100,88,75,90,100,100,78,75,89,80,89,66,68,82,96,91,"центральный",34960
"585",43,35,13,32,44,39,22,40,35,25,49,37,23,12,35,41,37,"южный",21104
"586",77,61,89,68,53,77,70,58,53,50,50,61,61,62,49,57,48,"центральный",33181
"587",100,100,100,100,100,100,100,100,100,100,100,100,100,100,100,100,100,"центральный",43468
"588",54,96,50,78,90,94,96,50,100,81,85,47,73,61,99,68,71,"северный",27380
"589",61,54,56,62,66,61,60,55,64,67,52,68,55,64,63,52,78,"южный",34477
"590",42,36,73,38,42,77,55,46,48,50,48,56,37,57,58,42,61,"южный",28139
"591",0,0,1,2,14,24,27,0,0,30,0,34,24,9,0,0,0,"южный",9637.81468709931
"592",17,17,16,0,8,20,10,9,13,7,23,25,17,14,10,5,14,"южный",37333
"593",66,65,73,87,78,72,80,69,67,69,70,74,77,81,73,81,87,"северный",25198
"594",83,100,89,87,94,97,93,100,100,100,100,84,100,100,100,93,99,"южный",41347
"595",59,54,55,53,68,72,54,54,75,48,63,58,59,60,35,59,68,"северный",35089
"596",98,100,97,100,99,78,92,89,95,95,97,90,83,85,97,99,93,"северный",64853
"597",27,58,55,55,47,34,60,62,16,41,22,29,8,14,44,65,58,"южный",33042
"598",100,90,100,100,100,78,100,100,100,99,100,100,86,80,77,100,100,"северный",52656
"599",100,100,100,100,100,100,100,100,100,100,100,100,100,100,100,100,100,"южный",48448
"600",100,70,72,69,78,77,99,97,67,70,78,85,79,100,77,89,90,"южный",45017
"601",19,32,5,13,38,19,38,31,23,12,41,32,8,29,38,16,13,"южный",32286
"602",93,97,100,100,100,100,100,100,100,100,100,100,100,100,100,100,100,"южный",51146
"603",39,48,53,34,35,46,32,38,32,42,55,44,45,47,52,45,31,"южный",25972
"604",41,12,42,40,21,30,36,28,15,39,22,44,45,26,30,40,30,"центральный",30914
"605",0,0,1,0,0,0,0,0,0,5,0,0,1,0,0,0,0,"северный",20926
"606",72,60,44,47,74,59,76,77,70,49,100,38,74,85,67,45,50,"южный",43042
"607",63,48,51,31,43,48,52,46,54,52,45,39,43,45,39,54,68,"южный",36683
"608",76,52,85,100,46,82,74,59,72,91,91,66,93,100,92,100,100,"центральный",37999
"609",56,80,43,72,50,69,49,62,67,62,78,60,54,53,50,71,50,"южный",27414
"610",0,0,0,0,0,0,0,0,0,0,0,0,0,0,0,0,0,"южный",44882
"611",71,59,71,71,89,76,83,76,90,62,65,87,59,61,76,65,73,"южный",53520
"612",100,100,100,88,96,97,100,100,80,88,87,100,99,100,90,91,100,"южный",51326
"613",100,100,99,95,88,100,97,91,73,85,100,100,99,100,100,100,80,"центральный",48615
"614",32,27,42,13,31,28,31,32,37,11,55,51,29,44,32,27,37,"южный",36221
"615",57,26,47,49,36,28,41,43,39,32,48,36,35,31,31,36,27,"южный",32693
"616",46,60,41,31,52,39,44,55,37,57,31,42,35,44,58,57,30,"центральный",49177
"617",33,44,66,49,41,53,39,37,62,60,44,52,52,56,45,47,37,"центральный",51730
"618",4,0,55,20,2,0,4,22,11,44,0,0,0,11,0,27,42,"южный",31313
"619",0,0,0,0,0,0,0,0,0,0,0,0,0,0,0,0,0,"центральный",9911.09040658921
"620",8,0,0,6,0,0,0,0,0,0,0,0,0,0,0,0,3,"северный",15114
"621",0,0,8,0,0,0,0,0,12,11,8,12,9,17,13,11,0,"южный",25515
"622",100,100,93,100,84,100,100,98,93,100,100,96,100,100,96,100,91,"центральный",61928
"623",72,55,54,55,68,69,85,56,65,78,78,57,44,50,57,67,80,"северный",53323
"624",11,2,20,5,24,3,15,32,22,31,30,22,17,26,2,21,20,"центральный",25038
"625",22,19,16,26,31,20,30,27,23,28,33,18,30,26,38,16,36,"северный",62500
"626",0,20,0,0,0,10,9,31,19,16,0,0,11,0,10,0,0,"южный",22624
"627",100,100,100,100,100,100,100,100,100,100,100,100,100,100,100,100,100,"центральный",43383
"628",0,18,0,16,24,0,24,12,12,7,12,20,0,0,1,8,13,"центральный",24965
"629",0,4,0,0,0,0,0,0,0,0,0,0,0,0,0,0,0,"северный",39414
"630",27,91,86,45,87,66,79,44,48,88,55,65,84,70,87,66,77,"центральный",38280
"631",100,100,100,100,100,100,100,100,100,100,91,100,100,100,94,100,100,"северный",59517
"632",37,23,22,29,17,31,29,32,37,12,27,21,29,33,27,30,23,"северный",27206
"633",58,65,71,57,63,50,58,62,66,74,52,52,51,71,48,72,59,"центральный",37832
"634",33,21,33,23,27,17,27,14,21,21,23,22,41,32,21,47,22,"центральный",42340
"635",37,30,20,25,17,37,43,35,31,37,40,47,24,29,29,19,44,"центральный",35004
"636",30,36,42,6,32,51,31,45,33,24,36,9,22,22,36,45,42,"северный",50115
"637",85,85,76,68,62,90,82,81,72,72,89,71,73,78,62,70,72,"центральный",55054
"638",100,100,100,100,100,100,100,100,100,100,100,100,100,100,100,100,100,"южный",41838
"639",44,65,100,69,100,94,84,57,82,83,60,74,86,100,42,81,100,"южный",34001
"640",80,100,88,81,70,81,93,90,74,66,94,100,100,80,97,97,77,"северный",30681
"641",28,26,1,19,36,6,19,0,0,14,8,0,62,36,9,1,1,"центральный",20932
"642",86,100,89,100,94,91,94,94,92,85,100,94,98,98,91,95,96,"северный",39279
"643",42,39,49,42,80,55,45,46,33,60,42,63,39,64,81,56,67,"центральный",41148
"644",68,82,37,81,69,57,63,47,42,65,74,60,75,62,42,63,68,"северный",35997
"645",60,73,61,44,65,80,63,67,64,75,77,59,58,63,49,52,73,"северный",25928
"646",43,22,45,36,32,25,40,33,40,59,60,30,47,25,43,39,44,"южный",27929
"647",92,100,82,88,100,94,100,100,96,100,100,97,100,98,97,78,100,"южный",49762
"648",44,51,54,43,60,51,50,54,53,41,34,56,48,31,59,51,61,"центральный",20739
"649",31,19,45,14,1,47,8,34,24,36,17,30,12,11,30,12,35,"центральный",40007
"650",36,36,37,41,46,52,54,35,43,52,39,43,45,55,47,33,46,"северный",28458
"651",21,0,26,8,37,3,0,19,0,0,0,25,3,0,11,14,0,"южный",34763
"652",29,16,42,45,37,26,46,37,42,26,29,34,45,25,31,41,41,"южный",18385
"653",78,100,78,81,91,84,100,100,100,90,69,100,100,87,99,84,84,"центральный",55441
"654",54,45,58,22,25,64,63,30,66,35,12,6,27,50,38,26,21,"южный",29262
"655",61,79,96,96,93,65,100,78,85,67,97,94,100,89,57,64,93,"северный",34992
"656",81,100,100,67,100,96,60,96,81,87,100,100,77,81,63,100,84,"северный",43934
"657",56,57,66,52,59,53,74,61,71,58,67,61,69,56,68,70,63,"южный",44514
"658",37,22,53,57,60,75,27,34,26,34,53,53,36,51,35,54,6,"северный",17969
"659",66,84,62,100,69,32,90,76,84,43,75,67,40,44,41,94,44,"северный",34320
"660",28,25,30,19,70,17,17,75,28,52,36,37,55,28,11,41,51,"северный",21567
"661",54,50,51,59,51,47,56,42,63,53,53,40,57,61,53,52,52,"центральный",46164
"662",53,43,50,47,62,48,56,54,55,61,51,51,50,66,55,53,45,"северный",32270
"663",40,51,58,42,40,46,39,62,42,46,38,47,46,56,49,41,62,"южный",33391
"664",47,46,72,24,58,65,77,26,41,53,30,76,68,54,32,85,44,"северный",14679
"665",67,57,55,44,61,49,49,54,55,56,46,56,66,40,61,42,64,"северный",46924
"666",47,18,4,31,2,30,10,29,0,27,11,23,18,1,1,19,5,"центральный",36866
"667",75,73,78,80,69,82,100,98,58,99,91,99,84,85,100,87,59,"северный",51430
"668",45,71,77,100,89,94,91,74,87,69,53,84,77,94,66,61,73,"центральный",34611
"669",60,53,54,49,47,56,63,52,34,62,64,60,51,69,44,82,52,"северный",28561
"670",63,64,75,73,59,79,65,59,64,73,69,63,69,81,69,61,69,"южный",42540
"671",52,46,57,55,52,49,34,31,34,43,34,57,36,38,18,41,27,"центральный",33578
"672",100,91,100,100,100,100,100,91,71,100,100,100,100,100,100,100,95,"южный",30009
"673",46,43,55,55,50,51,55,46,44,40,41,37,48,54,40,40,56,"северный",17464
"674",30,8,26,19,9,35,0,49,27,15,29,29,21,21,21,31,20,"южный",36085
"675",2,0,24,15,36,0,15,21,0,0,12,12,23,19,0,0,0,"центральный",26142
"676",34,19,28,28,16,9,25,34,29,13,11,26,31,21,28,21,23,"центральный",43563
"677",94,71,62,75,68,75,74,68,69,62,80,64,53,85,82,50,54,"центральный",45198
"678",36,5,55,10,0,5,12,25,20,21,18,0,11,20,22,31,30,"центральный",45553
"679",87,95,78,88,85,84,77,92,98,81,95,100,100,81,100,95,84,"центральный",47559
"680",49,35,33,18,19,45,5,45,9,24,44,47,30,66,31,32,42,"северный",47787
"681",19,26,20,30,24,24,25,16,26,34,19,16,13,22,22,18,17,"северный",28521
"682",61,44,79,96,50,49,39,72,60,43,65,56,73,57,72,75,68,"северный",37171
"683",100,100,87,100,100,100,100,100,100,100,84,100,100,100,100,100,98,"северный",48186
"684",100,100,100,100,79,100,100,89,98,100,100,100,100,100,100,100,88,"центральный",54762
"685",0,0,0,0,0,0,0,0,0,0,0,0,0,0,0,0,0,"северный",14986
"686",100,100,100,100,100,100,100,100,100,100,100,100,100,100,95,100,100,"северный",32620
"687",78,33,51,31,42,67,42,21,37,24,43,49,36,43,45,66,78,"центральный",56421
"688",30,41,41,45,65,47,52,40,27,49,56,33,51,55,53,62,48,"центральный",27848
"689",23,6,35,46,0,8,25,22,18,22,12,25,25,12,5,16,31,"центральный",28015
"690",2,0,0,10,4,0,7,0,15,17,8,2,7,0,11,2,3,"северный",17064
"691",78,94,92,99,100,83,100,79,88,95,91,100,100,100,88,94,85,"центральный",39464
"692",100,100,100,100,100,100,100,100,100,100,100,100,100,100,100,100,100,"северный",37450
"693",83,81,76,73,77,77,85,77,74,79,81,86,61,71,75,86,100,"центральный",60949
"694",100,100,100,100,100,100,100,100,100,100,100,100,100,100,100,100,100,"южный",48380
"695",13,24,11,25,17,15,23,15,10,6,3,9,13,3,18,20,16,"центральный",17343
"696",55,68,81,54,57,74,47,100,53,52,44,57,67,67,67,49,74,"центральный",48287
"697",63,72,69,100,79,97,76,76,60,95,67,100,85,59,69,80,63,"северный",23891
"698",55,31,55,36,67,55,41,48,31,69,62,27,43,11,52,14,48,"центральный",29045
"699",94,89,94,73,70,100,90,68,53,100,100,100,100,100,86,47,100,"южный",48119
"700",46,64,40,31,21,40,62,60,52,57,59,37,29,68,35,37,58,"южный",30923
"701",100,73,79,95,89,92,77,92,66,87,76,78,70,72,93,86,72,"центральный",30243
"702",94,100,100,76,100,94,100,74,100,100,100,100,99,89,65,100,98,"северный",30873
"703",70,71,73,69,79,67,63,78,71,78,77,75,67,70,68,70,75,"северный",41909
"704",60,69,66,66,70,54,74,69,64,72,64,66,61,62,63,65,72,"северный",38763
"705",100,100,100,100,100,100,100,100,100,100,95,100,100,100,98,99,100,"центральный",41960
"706",87,87,92,96,88,82,96,93,81,89,96,94,84,93,73,90,85,"центральный",35007
"707",100,100,100,100,100,100,100,100,100,100,100,100,88,100,100,100,93,"центральный",59989
"708",60,64,61,68,75,73,70,78,53,62,72,86,62,65,65,61,72,"центральный",37799
"709",27,21,14,18,21,23,19,6,20,17,28,16,24,22,21,24,19,"северный",40449
"710",68,56,63,64,65,71,67,66,70,68,71,52,73,59,79,58,71,"центральный",32024
"711",18,72,28,14,69,41,44,34,53,37,62,38,42,70,64,77,56,"центральный",21084
"712",26,0,0,0,0,23,0,0,0,0,0,8,0,9,0,0,6,"северный",40480
"713",99,100,87,100,90,91,92,100,93,100,100,95,95,91,100,66,90,"северный",39630
"714",37,50,39,39,34,27,53,52,60,44,56,37,44,34,37,35,32,"северный",45118
"715",25,36,32,36,21,28,30,51,32,23,40,30,57,35,46,28,33,"южный",26979
"716",59,54,60,70,60,45,61,71,62,72,56,50,62,69,63,69,62,"северный",46290
"717",9,9,12,19,20,22,17,19,0,3,7,24,12,2,11,26,24,"южный",10723.863510415
"718",47,56,48,50,56,56,47,55,45,53,42,49,49,48,52,51,46,"северный",42418
"719",0,23,46,33,46,15,49,54,19,32,27,53,16,52,59,40,7,"центральный",27780
"720",100,100,100,100,100,100,100,100,100,100,100,100,100,100,100,100,100,"северный",48655
"721",8,0,0,1,14,0,0,3,0,0,7,13,0,0,7,0,5,"северный",31973
"722",68,51,47,62,60,69,67,64,60,61,72,65,68,52,58,71,64,"центральный",43968
"723",28,40,32,69,30,49,39,41,26,43,39,39,31,37,30,33,30,"центральный",38189
"724",100,100,100,100,100,100,100,100,100,100,100,100,100,100,100,100,100,"центральный",62726
"725",32,33,53,54,33,42,16,27,44,26,6,26,54,30,35,43,75,"северный",48226
"726",57,48,48,51,65,52,56,51,57,46,70,71,57,69,63,71,25,"северный",47617
"727",44,29,49,40,36,39,37,45,46,31,38,51,41,31,46,48,41,"центральный",38245
"728",100,83,72,100,72,45,100,87,81,83,99,91,72,73,82,42,100,"южный",57053
"729",28,64,64,17,57,60,64,59,49,48,32,65,82,1,43,71,46,"центральный",35707
"730",57,56,62,55,58,61,68,50,51,57,51,59,41,53,60,58,46,"центральный",33543
"731",73,56,41,70,64,58,79,65,73,67,71,62,50,68,47,78,67,"южный",38263
"732",0,0,0,0,0,0,0,0,0,0,0,0,0,0,0,0,0,"центральный",26439
"733",95,86,82,90,100,100,96,99,100,95,100,98,92,77,99,86,100,"северный",52601
"734",52,50,46,41,51,40,42,31,46,31,39,44,35,57,43,32,38,"северный",58624
"735",61,56,62,49,38,64,47,68,66,48,54,77,51,53,70,53,46,"южный",49567
"736",83,94,80,74,90,75,65,89,74,71,100,59,65,75,89,46,100,"северный",48316
"737",90,95,74,82,66,70,65,66,59,96,95,99,99,62,81,74,52,"северный",42692
"738",46,45,16,80,45,25,57,21,33,5,48,41,27,37,48,10,29,"южный",19951
"739",69,65,64,75,56,64,68,86,69,72,49,68,67,61,66,55,60,"центральный",40889
"740",71,70,80,73,67,65,66,70,79,66,71,84,71,69,64,69,66,"северный",38495
"741",100,100,100,100,95,100,100,97,100,100,100,97,100,100,100,100,100,"северный",36986
"742",25,19,21,19,36,25,24,24,20,22,31,24,29,33,18,24,26,"центральный",30230
"743",33,37,26,28,33,33,33,31,16,31,19,0,23,20,30,36,32,"южный",46513
"744",62,82,62,61,69,52,97,81,93,82,35,68,82,79,90,62,65,"южный",62168
"745",33,41,15,24,41,37,65,35,44,52,39,10,34,35,50,43,36,"южный",40372
"746",38,57,50,45,27,53,36,52,27,29,34,11,42,48,32,34,39,"южный",25439
"747",11,0,18,8,15,5,11,18,24,18,9,6,19,11,20,1,4,"южный",25897
"748",100,100,100,100,100,100,100,100,100,100,100,100,100,100,100,100,100,"южный",38074
"749",0,0,0,0,0,0,0,0,0,0,0,0,0,0,0,0,0,"северный",15007
"750",100,83,76,100,100,100,100,100,98,100,100,81,99,100,100,100,98,"северный",64398
"751",52,63,57,75,100,70,63,86,64,42,70,100,69,96,81,67,64,"южный",21957
"752",60,55,31,65,38,54,16,83,50,58,51,19,36,62,39,32,36,"центральный",21651
"753",100,100,100,99,95,100,100,82,100,100,100,100,100,83,100,99,98,"северный",60404
"754",100,100,100,99,97,100,100,96,100,100,100,94,93,100,100,96,100,"южный",41639
"755",30,37,48,23,62,56,8,38,49,68,38,47,51,35,77,40,28,"центральный",41793
"756",33,37,27,38,43,35,34,31,34,36,26,34,35,37,23,33,27,"центральный",29725
"757",21,17,56,42,1,2,21,4,36,35,13,13,24,9,24,23,48,"северный",36541
"758",45,53,46,56,43,53,41,48,39,53,53,45,45,58,46,57,48,"северный",34243
"759",94,100,89,90,91,92,100,100,100,93,98,100,80,67,90,100,100,"центральный",28467
"760",59,64,75,61,72,64,61,61,71,65,57,72,56,61,67,71,66,"южный",34687
"761",0,3,18,11,8,4,24,0,25,16,6,11,11,0,21,0,25,"северный",38004
"762",72,51,35,87,56,62,84,72,67,50,77,79,73,77,59,61,74,"центральный",35323
"763",0,1,0,0,0,0,0,0,0,0,0,0,0,0,0,0,0,"северный",29175
"764",0,2,0,0,0,0,3,2,0,0,0,0,0,0,0,0,10,"центральный",15857
"765",72,48,83,67,42,51,81,50,95,45,59,69,66,100,76,81,66,"северный",53871
"766",100,100,100,100,100,100,100,100,100,100,100,100,100,100,100,100,100,"центральный",49695
"767",83,88,77,85,88,76,73,80,80,84,82,79,84,82,77,92,82,"южный",32478
"768",13,24,23,55,0,0,20,0,28,30,38,7,1,27,19,12,4,"южный",31909
"769",35,66,40,11,33,22,47,32,39,15,50,33,52,0,48,41,39,"северный",35064
"770",41,83,95,66,73,77,60,88,80,68,79,70,71,71,36,88,51,"южный",26343
"771",54,68,85,69,70,84,72,98,61,82,98,88,78,64,43,91,52,"северный",48459
"772",100,100,100,100,100,100,100,100,100,100,100,100,100,100,100,100,100,"центральный",64086
"773",0,0,0,0,0,0,0,0,0,0,7,0,0,0,0,0,0,"южный",23433
"774",0,0,0,0,0,0,0,0,0,0,0,0,0,0,0,0,0,"южный",29559
"775",94,100,100,93,100,100,100,100,100,100,94,100,100,100,100,100,92,"северный",44927
"776",38,33,26,0,22,19,18,24,39,33,32,69,26,4,27,36,40,"центральный",45442
"777",30,19,24,33,34,29,36,21,33,35,32,32,27,26,29,27,27,"северный",25211
"778",81,81,81,76,82,77,86,75,74,79,74,92,81,84,88,73,76,"центральный",21549
"779",50,89,53,69,100,74,77,83,74,58,79,72,56,47,91,50,64,"южный",45302
"780",18,0,18,29,15,6,23,27,13,22,14,26,42,33,35,28,47,"южный",18825
"781",88,100,95,78,46,68,100,59,78,89,85,81,86,77,83,100,73,"южный",64455
"782",100,100,100,100,100,100,100,100,100,100,100,100,100,100,100,100,100,"южный",55655
"783",34,51,25,70,48,48,62,58,79,35,47,60,49,50,60,50,34,"центральный",14047
"784",100,97,94,100,100,100,100,100,100,100,100,100,100,100,81,98,100,"южный",55123
"785",100,100,100,100,100,100,100,100,100,100,100,100,100,100,100,100,100,"центральный",55814
"786",24,32,17,11,37,28,30,17,25,16,27,11,13,55,16,34,46,"северный",45380
"787",29,20,33,18,54,47,18,16,32,27,29,38,35,23,19,18,11,"центральный",43399
"788",53,60,66,66,85,79,64,97,71,47,73,88,52,41,65,72,68,"центральный",35979
"789",48,57,58,62,63,55,56,63,53,39,70,43,55,44,55,35,45,"северный",40113
"790",52,55,61,76,49,54,57,60,57,64,65,67,73,77,60,56,77,"центральный",30207
"791",24,37,24,37,38,28,25,30,30,24,12,29,30,35,21,27,35,"южный",40655
"792",0,0,4,0,0,0,0,5,2,0,0,1,0,0,0,6,0,"центральный",26801
"793",24,60,29,24,41,16,53,41,30,37,32,38,33,0,22,28,44,"центральный",34364
"794",0,0,1,0,0,0,0,0,0,3,0,0,0,0,0,0,0,"южный",14615
"795",60,44,14,48,32,64,49,32,73,49,66,50,56,25,45,49,47,"южный",14890
"796",0,0,0,0,0,0,0,0,0,0,0,3,0,0,0,0,0,"центральный",21721
"797",100,100,99,100,97,96,100,100,100,100,100,100,96,99,100,100,100,"центральный",53270
"798",86,81,78,82,65,92,81,77,81,90,75,60,88,87,77,83,77,"южный",48577
"799",39,44,61,46,44,40,47,49,23,40,23,17,22,45,17,38,34,"центральный",42427
"800",26,33,32,25,69,21,40,20,43,25,56,30,20,28,32,47,67,"северный",41929
"801",55,61,49,82,62,60,79,55,61,60,62,63,41,69,55,63,47,"южный",38928
"802",76,100,94,100,100,100,100,100,100,98,100,80,100,81,100,100,100,"южный",35395
"803",100,100,100,98,100,100,100,100,100,100,100,100,100,100,84,99,77,"южный",41336
"804",44,58,72,76,87,49,48,44,68,39,25,58,24,88,63,54,75,"южный",46284
"805",70,56,84,57,38,65,69,61,76,78,52,82,51,60,74,62,58,"южный",51395
"806",63,25,26,21,8,33,32,24,45,20,31,15,33,27,31,41,31,"южный",25301
"807",100,100,100,100,100,100,100,100,100,100,100,100,100,100,100,100,100,"северный",50917
"808",79,100,62,89,100,93,77,71,100,94,98,100,80,70,56,100,95,"центральный",45740
"809",89,88,83,93,82,93,87,93,90,93,89,87,66,74,81,82,85,"центральный",32950
"810",46,36,62,54,21,35,47,30,21,32,34,68,51,57,31,70,38,"центральный",31402
"811",100,98,100,95,95,100,100,100,100,86,100,100,100,99,95,100,100,"южный",32877
"812",58,74,57,61,83,76,68,79,79,64,76,81,68,63,64,66,78,"северный",32133
"813",76,87,79,80,79,88,88,89,85,78,92,60,70,90,80,80,89,"центральный",44353
"814",100,100,100,100,100,100,100,100,100,100,100,100,100,100,100,100,100,"северный",44038
"815",100,100,100,98,100,100,100,97,100,100,100,100,100,100,100,100,100,"южный",40066
"816",93,82,70,91,84,58,58,53,87,86,72,100,79,96,73,92,55,"южный",49751
"817",55,47,54,69,54,71,55,67,41,51,62,49,37,32,47,70,74,"северный",56029
"818",12,23,50,32,10,48,3,0,0,29,34,38,16,10,0,7,37,"центральный",14121
"819",0,0,0,0,0,0,0,0,0,0,0,0,0,0,0,0,0,"южный",31869
"820",13,31,3,63,0,10,63,29,27,38,0,18,53,38,29,40,0,"северный",43201
"821",100,94,100,89,87,100,93,96,85,92,100,100,98,100,100,99,100,"южный",56178
"822",62,31,56,53,97,40,68,40,59,49,56,47,51,60,22,44,40,"северный",50169
"823",25,22,32,40,53,40,43,18,44,47,43,56,46,36,24,34,38,"северный",28605
"824",55,48,59,51,57,72,55,57,63,55,59,51,55,53,49,67,56,"центральный",25153
"825",22,24,22,13,26,8,11,15,0,22,38,27,11,26,21,23,19,"южный",30490
"826",48,59,53,35,50,40,51,28,73,52,42,81,54,66,26,67,48,"центральный",32497
"827",42,39,29,44,59,51,44,65,39,34,40,23,54,17,52,59,35,"южный",38916
"828",86,86,100,67,61,89,60,96,78,100,94,86,80,75,98,71,78,"центральный",32871
"829",0,5,0,0,0,0,13,0,0,0,0,0,0,0,0,0,0,"центральный",26005
"830",33,66,53,22,36,40,53,67,53,66,37,63,41,57,48,63,63,"центральный",36707
"831",62,67,60,50,65,58,53,45,51,53,48,62,61,60,65,52,48,"центральный",41786
"832",100,100,100,100,100,100,100,100,100,100,100,100,100,100,100,100,100,"северный",36815
"833",66,72,65,75,63,68,61,59,57,68,62,69,65,61,67,64,61,"центральный",56544
"834",100,100,100,100,100,100,100,100,95,100,100,100,100,100,100,100,100,"центральный",36276
"835",94,81,91,92,81,97,96,90,92,95,100,88,100,100,100,100,100,"центральный",41602
"836",8,0,15,0,0,1,3,11,25,10,9,24,12,0,16,0,9,"центральный",42135
"837",34,17,37,12,16,33,8,26,18,26,37,11,15,34,5,51,16,"северный",38149
"838",88,100,100,100,89,100,100,100,100,90,100,100,100,100,100,100,100,"южный",34834
"839",43,31,42,21,41,34,38,33,39,21,36,36,32,36,36,30,33,"центральный",25744
"840",62,51,54,70,70,55,56,64,70,62,61,67,68,48,58,48,52,"северный",40371
"841",30,40,33,43,30,17,30,30,47,46,53,30,29,36,27,43,20,"южный",19264
"842",59,68,42,76,52,69,51,61,51,37,66,71,47,52,86,60,44,"южный",51619
"843",27,44,37,29,46,23,64,81,5,63,29,44,35,26,53,21,47,"южный",31715
"844",83,69,68,62,81,85,84,68,74,83,68,100,62,77,82,60,61,"южный",54727
"845",88,88,82,89,85,81,82,97,94,88,77,88,71,89,91,87,71,"северный",36863
"846",38,39,36,34,38,37,35,41,26,29,30,36,39,28,25,41,29,"центральный",31187
"847",91,91,100,78,42,52,77,50,58,85,52,49,100,67,71,64,88,"южный",31286
"848",7,72,42,56,47,78,41,20,70,58,60,50,48,87,55,81,27,"центральный",29252
"849",55,82,85,96,81,83,89,100,82,83,90,93,86,97,80,69,88,"северный",63041
"850",100,100,100,100,100,100,100,100,100,100,100,100,100,100,100,100,100,"северный",48473
"851",93,92,100,93,89,92,82,100,80,95,86,96,89,100,88,93,87,"центральный",58268
"852",14,0,0,0,0,0,0,18,0,0,0,0,18,0,0,0,0,"центральный",31823
"853",38,24,15,23,42,27,51,22,46,34,26,29,14,7,53,23,23,"южный",43358
"854",88,73,83,88,88,79,88,88,90,89,91,89,88,76,92,80,84,"южный",45373
"855",0,0,0,0,0,0,0,0,0,0,0,0,0,0,0,0,0,"южный",19391
"856",45,49,40,55,60,61,54,51,48,54,37,47,55,53,55,57,61,"центральный",20664
"857",0,0,0,0,0,0,0,0,6,0,0,0,5,14,0,0,4,"северный",26322
"858",32,26,38,13,16,45,35,26,28,32,27,27,10,53,16,34,10,"центральный",41004
"859",1,23,20,32,30,16,23,44,31,37,45,0,29,23,1,20,18,"южный",39585
"860",14,22,16,11,12,17,17,20,33,21,21,17,16,17,20,26,23,"центральный",47183
"861",28,12,72,52,33,63,53,24,64,80,35,50,31,34,71,48,44,"центральный",35453
"862",48,46,62,44,20,59,38,34,40,46,44,18,50,39,55,35,58,"южный",35909
"863",40,74,39,69,35,88,49,32,67,46,74,73,97,60,45,79,50,"северный",31171
"864",44,36,49,47,54,30,41,48,46,44,55,43,20,57,44,33,48,"северный",51064
"865",42,33,42,37,33,41,42,50,40,45,40,51,38,42,42,40,40,"южный",24009
"866",100,90,93,82,99,86,100,88,87,100,100,75,100,100,88,100,100,"центральный",35650
"867",100,100,100,94,100,87,100,100,100,100,100,100,84,100,65,100,78,"южный",42566
"868",32,57,15,44,15,15,42,0,35,38,30,60,45,44,0,32,54,"южный",52002
"869",67,100,100,93,100,100,100,100,81,100,100,100,100,100,100,100,100,"центральный",32184
"870",100,100,81,100,63,100,98,88,85,86,72,83,77,82,100,76,100,"центральный",35619
"871",77,83,76,95,100,100,99,76,89,91,86,100,100,79,91,85,96,"южный",44321
"872",21,21,46,0,11,0,4,11,0,9,29,0,17,25,20,10,0,"южный",17290
"873",62,100,90,61,79,75,93,60,55,39,100,96,74,82,82,83,51,"южный",25633
"874",62,61,54,69,58,59,66,61,60,59,56,62,73,66,66,60,62,"южный",56068
"875",54,48,60,36,45,79,50,40,46,66,33,60,77,78,58,36,57,"центральный",18545
"876",52,98,35,64,56,64,79,78,80,71,94,41,52,71,53,58,44,"центральный",46532
"877",100,100,100,100,100,100,100,100,100,100,100,100,100,100,100,100,100,"южный",62306
"878",75,69,68,59,75,59,47,76,81,74,90,57,69,52,70,61,64,"центральный",54059
"879",85,72,61,83,60,54,33,88,56,100,57,72,86,100,100,100,73,"северный",56374
"880",56,79,79,66,70,57,82,62,56,55,83,86,71,65,95,70,82,"центральный",34839
"881",100,100,100,100,99,93,100,100,96,100,100,100,100,100,95,100,100,"центральный",30314
"882",59,62,72,78,93,46,34,86,76,49,57,78,89,87,73,79,58,"центральный",59207
"883",100,100,100,100,100,100,100,100,100,100,100,100,100,100,100,100,100,"центральный",45697
"884",100,100,100,100,100,100,100,100,100,100,100,100,100,100,100,100,100,"южный",44641
"885",24,42,54,60,30,44,49,35,31,34,41,25,47,33,15,34,30,"северный",22298
"886",47,56,55,43,58,42,43,45,44,44,57,52,50,62,49,41,57,"южный",28795
"887",92,85,90,82,86,91,79,80,87,86,79,73,83,85,72,89,87,"северный",45488
"888",100,100,100,100,100,100,86,95,100,100,100,100,100,100,100,100,100,"южный",52562
"889",77,67,62,69,47,59,44,78,73,58,44,60,56,68,73,100,50,"северный",39664
"890",73,69,61,100,59,99,51,66,90,94,60,77,81,88,76,79,81,"северный",20629
"891",28,28,3,15,13,16,22,7,8,9,14,23,10,24,21,0,23,"центральный",23647
"892",16,36,29,29,0,26,21,32,54,20,38,31,21,32,42,50,15,"южный",35796
"893",100,100,100,100,100,100,100,100,100,100,100,100,100,100,100,100,100,"северный",34422
"894",60,65,100,93,58,87,71,85,86,88,96,81,83,90,95,96,88,"центральный",43535
"895",87,100,100,100,94,75,100,67,100,100,100,100,72,100,90,100,100,"южный",44338
"896",56,54,51,48,41,35,36,47,40,50,45,52,51,45,54,46,37,"южный",45193
"897",100,100,100,100,100,99,100,100,100,100,100,100,100,100,100,100,98,"северный",53213
"898",85,92,95,83,83,100,100,81,98,95,100,85,90,73,100,85,85,"центральный",32505
"899",0,16,0,2,15,0,0,8,2,7,0,11,10,1,14,10,18,"северный",44514
"900",100,100,100,100,100,100,100,100,100,100,100,100,100,100,100,100,100,"южный",72126
"901",0,27,0,0,37,0,0,0,0,23,6,23,28,26,0,0,0,"центральный",23713
"902",94,96,100,88,100,92,99,88,99,100,85,100,100,100,98,100,94,"северный",26196
"903",77,81,50,87,78,35,88,51,59,77,90,82,85,41,78,64,85,"южный",46125
"904",94,77,78,95,100,100,81,100,100,100,100,92,84,87,100,79,97,"северный",44405
"905",100,100,100,100,100,100,100,100,100,100,100,100,100,100,100,100,100,"южный",38652
"906",85,86,62,63,100,78,63,83,70,100,78,73,57,74,100,91,89,"центральный",47982
"907",0,0,0,0,0,0,0,0,0,0,0,0,0,0,0,0,0,"южный",32813
"908",15,42,34,20,1,19,0,1,19,0,0,26,21,22,2,27,20,"центральный",45135
"909",90,90,53,100,97,67,94,74,77,90,84,73,54,96,62,70,72,"центральный",57890
"910",26,25,69,57,47,48,44,72,40,33,35,53,51,40,51,68,31,"южный",39169
"911",78,90,78,57,91,81,79,81,78,73,81,87,83,71,78,85,78,"центральный",39573
"912",31,38,26,62,29,63,23,20,49,48,46,27,57,51,50,14,31,"северный",37044
"913",69,76,70,41,62,61,52,48,62,69,38,100,71,43,66,57,54,"центральный",46690
"914",30,53,44,71,25,47,60,69,67,56,40,49,61,34,60,62,42,"центральный",37067
"915",44,33,42,34,67,26,29,51,50,31,45,61,47,63,23,38,48,"южный",26622
"916",65,46,71,92,73,90,79,73,80,68,99,66,79,82,78,69,87,"центральный",29239
"917",63,60,69,71,35,52,47,58,22,59,99,52,40,63,50,51,50,"южный",36346
"918",42,49,36,36,51,45,35,42,47,30,51,54,60,41,31,31,52,"северный",55162
"919",92,67,74,72,86,47,49,85,80,65,51,90,100,70,96,82,35,"северный",53189
"920",0,0,0,0,0,0,0,0,0,0,0,0,0,0,0,0,0,"центральный",44335
"921",66,46,71,69,65,63,78,51,72,45,59,62,74,78,33,61,57,"северный",46872
"922",49,34,77,55,96,77,67,63,68,30,60,69,59,56,57,59,35,"центральный",31503
"923",6,0,0,1,0,4,0,0,0,0,0,0,0,0,0,0,2,"центральный",32426
"924",100,100,100,100,100,100,100,100,100,100,100,100,100,100,100,100,100,"северный",50865
"925",0,0,0,2,0,0,36,0,0,0,0,0,0,0,0,0,0,"южный",22637
"926",71,72,74,72,83,74,76,65,70,75,76,77,76,84,74,79,76,"южный",48778
"927",34,46,25,62,33,23,34,25,32,16,35,28,13,29,35,22,40,"центральный",28941
"928",100,52,78,47,78,78,66,70,64,94,66,47,55,90,49,38,84,"центральный",50381
"929",100,100,100,100,100,100,100,100,100,100,100,100,100,100,100,100,100,"центральный",57036
"930",45,61,71,71,40,17,39,59,57,37,89,89,91,76,39,60,52,"северный",66799
"931",44,55,29,47,28,43,24,21,58,45,28,41,52,21,63,5,52,"центральный",44931
"932",60,93,84,78,65,77,78,79,76,62,79,61,63,80,84,58,91,"северный",48691
"933",50,92,55,49,47,88,33,87,86,44,59,30,83,61,51,69,58,"центральный",55626
"934",54,58,60,60,55,58,64,44,68,75,67,64,55,67,66,58,63,"центральный",45047
"935",92,73,89,93,96,90,100,79,87,99,95,85,88,74,70,94,70,"южный",41412
"936",29,32,36,44,29,29,35,35,45,20,22,37,38,35,19,31,46,"центральный",45049
"937",32,30,37,29,27,38,26,33,30,31,40,29,22,27,33,40,48,"южный",19741
"938",61,51,28,41,56,71,45,0,62,25,62,51,41,46,41,48,44,"центральный",24892
"939",20,47,56,37,17,84,47,10,28,30,40,21,64,26,46,51,71,"южный",21269
"940",0,27,9,0,11,0,0,18,25,0,7,27,24,24,17,8,3,"центральный",39750
"941",32,84,66,61,48,63,24,35,46,59,55,29,54,59,52,37,46,"южный",38721
"942",37,29,20,26,15,34,32,42,31,25,40,31,27,28,35,27,34,"южный",28307
"943",54,50,61,59,42,46,66,56,40,47,66,46,68,36,51,59,39,"северный",47346
"944",78,66,80,49,97,65,62,70,53,68,73,67,70,100,36,56,100,"центральный",54998
"945",76,66,100,99,92,96,100,75,98,67,78,100,89,97,74,96,74,"южный",57136
"946",100,100,87,85,100,90,74,93,87,89,100,100,100,100,85,100,98,"центральный",58951
"947",6,0,2,0,5,0,0,0,0,0,0,0,0,0,0,0,0,"северный",39900
"948",94,94,100,86,86,96,87,97,96,95,85,98,90,91,97,87,96,"южный",26991
"949",32,39,25,23,32,27,41,40,19,23,15,27,22,31,36,43,28,"центральный",26462
"950",76,62,91,87,15,67,100,40,100,55,51,72,86,48,82,54,86,"северный",33074
"951",84,100,57,68,100,100,63,83,100,85,96,99,79,80,95,100,82,"северный",55756
"952",99,100,100,100,98,97,100,100,89,100,100,100,88,100,76,100,100,"северный",54364
"953",74,79,65,75,65,85,55,69,77,58,73,74,83,83,73,71,83,"южный",55229
"954",28,14,32,17,30,23,18,33,33,48,37,21,26,11,43,26,27,"северный",33130
"955",53,39,39,60,26,49,47,55,51,45,51,39,42,42,59,51,40,"центральный",45829
"956",45,58,56,37,54,57,37,41,53,60,56,56,51,53,59,50,62,"северный",46639
"957",42,39,38,78,55,52,57,43,51,45,53,69,59,46,32,67,57,"центральный",45144
"958",100,100,100,100,100,100,97,100,100,100,100,100,100,100,100,100,100,"северный",34031
"959",95,97,78,91,87,87,86,91,96,100,86,81,84,100,83,97,90,"центральный",49627
"960",71,80,77,89,77,81,84,78,70,84,84,82,81,94,74,81,83,"южный",49422
"961",52,62,76,100,58,74,72,63,85,52,58,59,60,63,58,60,45,"северный",31866
"962",100,99,83,96,79,86,100,95,56,100,94,67,91,86,88,58,73,"северный",46793
"963",61,63,61,60,82,80,99,94,84,89,92,87,90,63,83,78,85,"южный",46722
"964",73,69,84,42,100,89,95,53,69,60,62,79,77,58,65,74,85,"центральный",41007
"965",0,0,6,0,2,0,0,0,16,11,0,0,2,9,2,11,0,"центральный",24215
"966",98,83,100,100,92,96,92,100,100,89,100,74,94,93,100,81,99,"центральный",39691
"967",39,58,77,30,61,73,62,55,61,87,55,12,83,52,51,64,96,"северный",46536
"968",78,53,77,26,41,82,100,55,46,41,75,66,86,93,25,53,32,"южный",32876
"969",0,0,0,0,0,0,0,0,0,0,0,0,0,0,0,0,0,"центральный",22217
"970",100,100,100,100,98,100,97,100,100,100,100,100,100,100,100,100,100,"северный",45597
"971",33,50,40,62,45,37,21,40,45,40,34,31,41,40,45,35,56,"центральный",28110
"972",12,42,54,33,26,29,40,31,31,54,45,31,39,66,48,32,53,"северный",55000
"973",50,60,52,53,53,45,39,64,57,51,74,52,56,67,61,49,56,"центральный",47470
"974",0,0,0,0,0,0,5,0,0,0,0,0,0,31,0,15,0,"северный",23259
"975",0,0,0,0,0,0,0,0,0,0,0,0,0,0,0,0,0,"центральный",41888
"976",74,37,36,36,56,40,70,58,21,50,64,35,40,43,34,26,11,"центральный",38947
"977",40,38,47,41,50,43,52,43,41,49,48,43,41,44,46,50,48,"южный",22828
"978",29,17,16,15,48,11,36,40,10,53,38,33,43,19,56,26,15,"северный",46147
"979",30,41,0,31,24,25,17,24,36,8,14,15,20,37,7,43,34,"северный",30768
"980",53,68,89,82,48,73,99,82,91,81,70,73,65,70,65,51,71,"центральный",42957
"981",0,19,0,0,0,0,0,0,1,0,0,0,0,0,0,11,0,"центральный",13226
"982",67,38,32,66,68,68,37,75,49,56,44,32,27,53,60,38,53,"северный",52341
"983",36,55,50,37,11,35,9,21,62,61,35,33,4,29,25,29,38,"северный",53221
"984",24,2,20,14,23,19,11,13,25,23,19,17,16,30,28,12,18,"южный",30146
"985",53,62,51,54,45,59,48,52,49,51,50,56,61,59,50,62,49,"южный",57136
"986",54,68,77,68,89,62,73,62,62,75,69,50,47,67,73,56,65,"северный",51736
"987",100,93,87,84,100,95,91,87,100,91,96,74,100,72,89,81,93,"центральный",58966
"988",4,14,6,16,12,12,20,0,10,0,20,13,13,20,7,21,12,"южный",42234
"989",71,51,50,45,46,69,23,78,100,39,64,79,69,29,77,60,72,"северный",44881
"990",0,0,0,0,0,0,0,0,0,0,0,0,0,0,0,0,0,"южный",18592
"991",27,39,49,39,18,7,57,28,46,48,18,81,42,30,39,37,3,"северный",37348
"992",47,52,52,59,60,56,52,46,38,45,44,53,57,46,48,52,53,"центральный",50914
"993",81,62,63,78,89,50,51,61,60,38,59,59,74,69,83,62,80,"северный",25473
"994",100,100,94,100,90,100,100,100,100,100,100,100,100,100,100,100,100,"южный",50676
"995",66,41,22,46,56,71,61,63,43,47,61,53,39,23,27,61,5,"южный",27265
"996",49,28,29,35,42,45,46,19,55,47,44,37,36,37,76,53,50,"южный",40348
"997",100,100,100,100,100,100,100,100,100,100,100,100,100,100,100,100,100,"южный",60421
"998",57,40,47,64,62,31,50,74,39,28,28,51,41,34,46,62,31,"центральный",31820
"999",0,0,33,5,0,0,0,4,7,21,0,0,1,0,13,0,0,"южный",12760
"1000",96,100,100,98,100,100,100,100,100,100,100,100,92,100,93,99,100,"северный",34094
"1001",65,41,58,16,74,10,50,35,46,38,60,52,24,41,90,66,21,"северный",31832
"1002",29,38,4,3,30,13,0,16,33,26,28,23,0,25,0,0,18,"центральный",28087
"1003",0,20,0,0,0,0,0,0,35,0,0,20,0,0,2,0,14,"северный",26661
"1004",86,54,47,73,62,74,77,73,70,97,69,69,81,99,71,68,64,"центральный",47311
"1005",0,0,0,43,0,0,3,7,0,17,23,0,0,0,5,12,9,"южный",16325
"1006",29,36,43,51,43,34,31,32,47,48,14,39,30,31,52,29,31,"южный",37058
"1007",100,100,99,100,100,100,100,88,87,100,98,100,100,97,96,93,100,"северный",47861
"1008",100,68,100,100,100,100,83,100,100,100,100,71,100,100,100,100,100,"центральный",50400
"1009",51,52,47,47,54,38,63,52,80,61,64,66,62,21,78,46,73,"южный",52775
"1010",29,19,29,23,19,19,23,22,16,31,41,37,38,52,29,33,39,"южный",27488
"1011",81,74,46,54,50,39,63,45,68,61,51,57,63,78,43,80,56,"центральный",52746
"1012",3,9,5,21,6,0,0,5,7,13,9,15,11,0,0,0,1,"южный",29186
"1013",100,100,100,100,100,94,100,100,100,100,100,100,100,85,94,81,100,"центральный",58608
"1014",96,85,89,90,83,100,97,70,100,66,80,95,100,100,68,86,69,"южный",33228
"1015",68,57,58,53,75,59,64,49,47,66,58,67,40,47,51,41,47,"северный",51906
"1016",100,100,100,100,100,100,100,100,100,100,92,100,100,100,100,100,100,"южный",53541
"1017",1,17,0,0,0,0,0,1,0,0,1,0,3,0,0,0,0,"южный",24420
"1018",93,95,84,100,94,100,89,100,100,88,100,87,100,95,100,100,100,"северный",47643
"1019",59,40,37,60,46,46,47,46,40,45,55,52,48,41,38,55,45,"северный",39017
"1020",0,13,19,6,8,2,0,14,4,4,31,17,6,18,12,11,4,"северный",15651
"1021",0,14,0,0,0,0,0,0,14,0,0,0,0,0,1,0,0,"северный",27394
"1022",14,8,45,30,50,64,34,37,72,78,57,39,46,47,40,53,36,"южный",32693
"1023",45,64,62,58,48,55,53,50,46,54,46,47,39,47,48,46,51,"южный",32769
"1024",100,100,64,97,85,100,86,90,93,69,61,88,100,58,27,100,97,"центральный",54521
"1025",69,54,52,63,46,52,64,56,41,66,72,49,29,69,58,82,36,"центральный",34940
"1026",53,36,82,55,42,58,69,52,55,45,50,72,47,62,88,62,45,"центральный",36535
"1027",21,14,3,13,33,11,26,22,11,31,18,27,13,12,25,28,19,"южный",12636
"1028",88,100,75,78,68,99,76,100,100,80,97,94,92,97,100,100,100,"северный",55391
"1029",12,37,35,46,35,40,36,46,46,31,26,34,47,43,40,33,32,"северный",37105
"1030",0,12,0,1,0,0,0,1,5,0,9,0,0,4,0,0,0,"центральный",32524
"1031",80,76,76,72,76,75,64,90,77,75,65,67,71,82,75,66,81,"центральный",62354
"1032",94,92,84,78,81,95,81,95,96,75,87,85,87,84,92,74,68,"центральный",42124
"1033",52,46,55,55,34,65,33,51,56,54,46,47,54,49,60,44,48,"центральный",32695
"1034",77,86,75,62,95,90,93,89,97,83,100,82,76,88,76,89,86,"южный",38588
"1035",27,56,43,6,23,26,26,33,46,40,45,11,26,13,54,3,52,"северный",46700
"1036",21,21,30,30,39,45,32,32,41,36,38,62,56,32,43,29,57,"южный",31542
"1037",10,13,0,15,4,25,15,0,0,2,3,0,8,21,7,2,4,"южный",39884
"1038",0,0,0,0,0,0,0,0,0,0,0,0,0,0,0,0,0,"центральный",36368
"1039",43,25,0,27,11,0,52,8,49,49,27,36,0,7,42,25,11,"южный",34688
"1040",38,31,33,34,40,39,36,28,31,58,24,37,34,51,55,36,26,"северный",32485
"1041",54,46,37,36,69,41,26,41,60,60,24,71,28,37,42,62,56,"северный",39205
"1042",87,78,83,81,76,81,85,80,79,76,85,82,78,84,76,74,83,"северный",40872
"1043",90,82,70,96,86,80,93,100,98,81,65,95,83,77,83,100,86,"южный",35452
"1044",52,85,54,64,59,87,82,62,75,66,69,80,82,65,76,71,69,"северный",35364
"1045",41,86,52,56,28,35,38,55,70,44,44,42,52,44,71,34,62,"южный",35163
"1046",95,100,91,86,71,98,100,100,92,100,92,76,88,100,100,82,100,"южный",34768
"1047",85,97,100,100,89,81,69,97,100,100,86,100,100,87,100,83,100,"центральный",47908
"1048",25,47,61,34,63,54,70,47,69,49,50,60,58,27,39,43,46,"центральный",27715
"1049",57,44,46,50,55,58,48,47,63,56,58,48,66,53,51,43,58,"южный",50048
"1050",100,100,100,100,100,100,100,100,100,100,100,100,100,100,100,100,100,"южный",47069
"1051",24,22,29,10,27,40,8,25,37,24,33,34,47,11,7,37,23,"центральный",33914
"1052",15,27,42,11,46,28,29,23,6,0,18,0,11,18,44,0,21,"северный",12266
"1053",33,40,38,40,32,27,32,39,41,24,30,20,36,31,36,39,22,"южный",10776.4746909961
"1054",54,81,37,73,67,75,74,57,55,63,68,100,94,86,54,83,86,"северный",43632
"1055",84,72,65,80,85,81,72,83,57,92,74,70,76,70,83,74,70,"центральный",44241
"1056",27,18,36,36,51,31,46,3,14,54,16,45,13,42,32,37,30,"северный",39987
"1057",100,88,95,100,74,96,98,100,93,72,88,100,100,100,76,100,100,"северный",42421
"1058",8,13,4,24,35,21,29,1,38,21,42,19,44,23,10,20,35,"южный",29133
